Player,School,Year,Pick,Pos,G,MP,FGA,FG%,2P%,3P%,FT%,PTS,SOS,TS%,eFG%,3PAr,FTr,OWS,NBA-PPG
Derrick Coleman,Syracuse,1990,1,PF,143,32.8,9.5,0.568,0.58,0.291,0.684,15,8.71,0.608,0.574,0.041,0.633,,18.4
Gary Payton,Oregon State,1990,2,PG,120,37.7,14.3,0.485,0.53,0.369,0.684,18.1,6.72,0.559,0.537,0.282,0.287,,7.2
Mahmoud Abdul-Rauf,LSU,1990,3,PG,64,37.2,21.9,0.474,0.524,0.372,0.863,29,7.02,0.581,0.535,0.33,0.293,,14.1
Dennis Scott,Georgia Tech,1990,4,SG,99,37.2,16.6,0.452,0.483,0.422,0.777,21.4,8.65,0.583,0.559,0.505,0.216,,15.7
Kendall Gill,Illinois,1990,5,SG,117,25.4,8.9,0.501,0.535,0.374,0.755,12,10.2,0.578,0.541,0.21,0.36,,11
Felton Spencer,Louisville,1990,6,C,134,18.4,4.9,0.628,0.628,0,0.676,8.7,8.33,0.651,0.628,0,0.796,,7.1
Lionel Simmons,La Salle,1990,7,SF,131,38.5,18.9,0.501,0.506,0.415,0.722,24.6,-0.92,0.55,0.512,0.054,0.376,,18
Bo Kimble,Loyola Marymount,1990,8,SG,104,27.4,17.3,0.484,0.528,0.407,0.822,22.6,2.6,0.577,,0.272,0.275,,6.9
Willie Burton,Minnesota,1990,9,SF,118,28.4,10.7,0.511,0.538,0.378,0.749,15.3,8.85,0.586,0.543,0.172,0.45,,12
Rumeal Robinson,Michigan,1990,10,PG,100,29.9,9.8,0.528,0.56,0.411,0.666,14.5,10.46,0.597,0.572,0.212,0.51,,5.6
Tyrone Hill,Xavier,1990,11,PF,126,30.9,10.3,0.579,0.58,0,0.692,15.9,0.5,0.61,0.579,0.002,0.555,,5.3
Alec Kessler,Georgia,1990,12,C,123,28.1,10,0.499,0.502,0.417,0.763,14.5,6.9,0.57,0.505,0.029,0.587,,6.2
Loy Vaught,Michigan,1990,13,PF,134,22,7.5,0.617,0.619,0.333,0.752,10.8,10.03,0.639,0.618,0.006,0.286,,5.5
Travis Mays,Texas,1990,14,PG,124,35,13.8,0.442,0.488,0.37,0.746,18.4,3.72,0.558,0.514,0.387,0.404,,14.3
Dave Jamerson,Ohio,1990,15,SG,115,32.4,15.4,0.488,0.503,0.419,0.846,20.3,-0.79,0.591,,0.322,0.246,,3.1
Terry Mills,Michigan,1990,16,PF,102,27.9,10.4,0.562,0.564,0,0.755,13.8,10.46,0.587,0.562,0.004,0.26,,5.7
Jerrod Mustaf,Maryland,1990,17,PF,59,32.1,12.7,0.525,0.532,0.389,0.756,16.6,7.74,0.569,0.535,0.048,0.318,,4.3
Duane Causwell,Temple,1990,18,C,75,25.3,5.5,0.504,0.505,0,0.624,7.2,3,0.533,0.504,0.002,0.499,,6.9
Dee Brown,Jacksonville,1990,19,PG,108,29,11.3,0.482,0.51,0.366,0.763,13.9,1.43,0.549,0.517,0.196,0.263,,8.7
Gerald Glass,Ole Miss,1990,20,SF,60,36.3,19.9,0.511,0.544,0.377,0.736,26.1,6.23,0.576,0.548,0.194,0.293,,6.9
Jayson Williams,St. John's (NY),1990,21,PF,72,28.8,10.3,0.55,0.551,0.25,0.652,14.9,8.17,0.578,0.551,0.005,0.527,,3.5
Tate George,UConn,1990,22,PG,128,31.5,7.7,0.448,0.465,0.322,0.773,9.7,6.27,0.525,0.467,0.116,0.424,,3.4
Anthony Bonner,Saint Louis,1990,23,PF,133,32.5,10.8,0.539,0.541,0.333,0.634,14.8,0.52,0.564,0.541,0.008,0.461,,7.4
Dwayne Schintzius,Florida,1990,24,C,110,31.6,12.8,0.494,0.499,0.158,0.729,14.8,8.63,0.521,0.495,0.014,0.225,,3.8
Alaa Abdelnaby,Duke,1990,25,PF,134,14.8,5.6,0.599,0.599,0,0.728,8.5,8.14,0.628,0.599,0,0.443,,3.1
Lance Blanks,Texas,1990,26,SG,104,26,10.5,0.429,0.476,0.36,0.729,13.3,6.58,0.539,,0.398,0.36,,1.7
Elden Campbell,Clemson,1990,27,PF,123,26,10.9,0.562,0.564,0.3,0.641,15.3,6.1,0.582,0.563,0.007,0.429,,2.8
Larry Johnson,UNLV,1991,1,PF,75,31.6,12.7,0.643,0.672,0.349,0.789,21.6,6.88,0.691,0.659,0.09,0.483,,19.2
Kenny Anderson,Georgia Tech,1991,2,PG,65,38.3,18.2,0.473,0.507,0.374,0.787,23,10.57,0.557,0.521,0.255,0.281,,7
Billy Owens,Syracuse,1991,3,PF,103,35.1,13.6,0.505,0.527,0.325,0.682,17.9,8.79,0.553,0.523,0.11,0.396,,14.3
Dikembe Mutombo,Georgetown,1991,4,C,96,23.6,5.7,0.644,0.644,0,0.641,9.9,11.27,0.651,0.644,0,0.693,,16.6
Steve Smith,Michigan State,1991,5,SG,122,34.4,13.9,0.487,0.506,0.416,0.756,18.5,9.63,0.57,0.531,0.208,0.362,,12
Doug Smith,Missouri,1991,6,PF,128,29.4,13.7,0.51,0.515,0.174,0.747,17.1,9.82,0.545,0.511,0.013,0.294,,8.8
Luc Longley,New Mexico,1991,7,C,132,27.6,9,0.586,0.587,0,0.735,13.4,4.52,0.618,0.586,0.002,0.432,,4.3
Mark Macon,Temple,1991,8,SG,126,37.5,18.4,0.423,0.442,0.374,0.779,20.7,3.84,0.509,0.476,0.283,0.223,,10.6
Stacey Augmon,UNLV,1991,9,SG,145,29.5,9.4,0.555,0.583,0.42,0.677,13.9,6.52,0.611,0.591,0.169,0.433,,13.3
Terrell Brandon,Oregon,1991,10,PG,57,38.2,16.8,0.484,0.513,0.38,0.81,22.2,9.29,0.57,0.526,0.223,0.33,,7.4
Greg Anthony,UNLV,1991,11,PG,138,30.5,9.7,0.437,0.467,0.379,0.707,12.6,5.54,0.541,,0.338,0.407,,5.5
Dale Davis,Clemson,1991,12,PF,121,28.9,8.9,0.588,0.59,0,0.59,13.6,7.46,0.596,0.588,0.003,0.605,,6.2
Rich King,Nebraska,1991,13,C,124,23.6,8.1,0.564,0.565,0.4,0.676,11.9,7.95,0.594,0.565,0.005,0.51,,2.2
Anthony Avent,Seton Hall,1991,14,PF,100,23.5,7.9,0.527,0.527,0,0.701,10.7,9.84,0.562,0.527,0,0.429,,9.8
Chris Gatling,Old Dominion,1991,15,PF,85,31.3,13.5,0.606,0.607,0,0.689,21.3,1.04,0.63,0.606,0.001,0.526,,5.7
Victor Alexander,Iowa State,1991,16,C,111,26.6,11.5,0.611,0.611,0,0.635,17,9.97,0.62,0.611,0.001,0.415,,7.4
Kevin Brooks,Louisiana,1991,17,SF,116,37.4,14.6,0.522,0.552,0.409,0.774,19.8,-1.72,0.595,0.565,0.212,0.291,,2.8
LaBradford Smith,Louisville,1991,18,SG,133,31.4,9.3,0.481,0.546,0.339,0.866,13.6,8.3,0.602,0.534,0.314,0.461,,5.1
John Turner,Georgetown,1991,19,SF,32,21.3,4.9,0.468,0.468,0,0.552,6.6,10.37,0.497,0.468,0,0.744,,2.8
Eric Murdock,Providence,1991,20,PG,117,31.2,13.5,0.435,0.47,0.354,0.784,17.3,7.26,0.541,0.489,0.302,0.386,,4.1
LeRon Ellis,Syracuse,1991,21,C,124,24.2,7.6,0.497,0.502,0.286,0.615,9.5,8.36,0.524,0.5,0.022,0.401,,1.5
Stanley Roberts,LSU,1991,22,C,32,26.8,11.2,0.56,0.562,0,0.459,14.1,7.61,0.55,0.56,0.003,0.311,,10.4
Rick Fox,UNC,1991,23,SF,140,22.7,8.7,0.518,0.58,0.388,0.757,12.2,11.25,0.609,0.581,0.323,0.307,,8
Mark Randall,Kansas,1991,25,PF,132,23.5,7.9,0.62,0.623,0.167,0.651,12.3,8.99,0.633,0.621,0.006,0.503,,3.2
Pete Chilcutt,UNC,1991,26,PF,140,22.7,6.5,0.534,0.547,0.345,0.71,8.2,11.25,0.567,0.545,0.064,0.256,,3.6
Shaquille O'Neal,LSU,1992,1,C,90,30.5,14.3,0.61,0.61,0,0.575,21.6,8.4,0.609,0.61,0,0.498,,23.4
Alonzo Mourning,Georgetown,1992,2,C,120,30.3,9,0.566,0.572,0.261,0.754,16.7,9.99,0.638,0.568,0.021,0.945,,21
Christian Laettner,Duke,1992,3,PF,148,27.4,9.8,0.574,0.586,0.485,0.806,16.6,9.45,0.657,0.602,0.112,0.61,,18.2
Jim Jackson,Ohio State,1992,4,SF,93,34,14.7,0.503,0.527,0.376,0.784,19.2,9.19,0.57,0.533,0.16,0.309,,16.3
LaPhonso Ellis,Notre Dame,1992,5,PF,97,33.2,10.5,0.577,0.581,0.455,0.675,15.5,8.55,0.607,0.585,0.032,0.46,,14.7
Tom Gugliotta,NC State,1992,6,PF,112,29.3,10.6,0.476,0.516,0.408,0.668,13.7,9.16,0.571,0.553,0.378,0.287,,14.7
Walt Williams,Maryland,1992,7,SF,105,30.4,11.9,0.466,0.522,0.359,0.762,16.2,7.86,0.572,0.528,0.343,0.403,,17
Todd Day,Arkansas,1992,8,SG,127,28.2,13.7,0.479,0.527,0.384,0.747,18.9,5.89,0.581,0.544,0.337,0.383,,13.8
Clarence Weatherspoon,Southern Miss,1992,9,SF,117,35.5,11.8,0.576,0.583,0.444,0.677,18.2,4.43,0.613,0.587,0.052,0.535,,15.6
Adam Keefe,Stanford,1992,10,PF,125,32,11.1,0.6,0.601,0.467,0.736,18.6,8.24,0.642,0.602,0.011,0.64,,6.6
Robert Horry,Alabama,1992,11,SF,134,28,9.3,0.458,0.492,0.371,0.742,11.9,6.32,0.548,0.51,0.279,0.344,,10.1
Harold Miner,USC,1992,12,SG,87,35.3,17.5,0.453,0.492,0.367,0.814,23.5,6.19,0.565,0.51,0.314,0.394,,10.3
Bryant Stith,Virginia,1992,13,SG,131,33.5,13.5,0.483,0.511,0.353,0.789,19.2,9.93,0.575,0.515,0.182,0.493,,8.9
Malik Sealy,St. John's (NY),1992,14,SF,127,38.1,14.4,0.494,0.518,0.247,0.712,18.9,8.55,0.547,0.505,0.091,0.431,,5.7
Anthony Peeler,Missouri,1992,15,SG,117,30.6,12.2,0.466,0.485,0.393,0.779,16.8,9.96,0.564,0.507,0.207,0.469,,10.4
Randy Woods,La Salle,1992,16,PG,88,36.3,16.4,0.413,0.488,0.352,0.794,20.6,-0.07,0.551,0.51,0.548,0.3,,1.7
Doug Christie,Pepperdine,1992,17,SG,87,30.6,11.7,0.473,0.525,0.297,0.747,16,0.31,0.558,0.507,0.227,0.468,,6.2
Tracy Murray,UCLA,1992,18,SF,98,30.1,12.9,0.5,0.553,0.411,0.791,18.3,9.22,0.612,0.577,0.378,0.328,,5.7
Don MacLean,UCLA,1992,19,PF,127,32.7,14,0.531,0.535,0.314,0.86,20.5,9.3,0.601,0.534,0.02,0.466,,6.6
Hubert Davis,UNC,1992,20,SG,137,21.3,8.2,0.498,0.541,0.435,0.819,11.8,11.1,0.624,0.586,0.405,0.332,,5.4
Jon Barry,Georgia Tech,1992,21,SG,94,33.3,12.1,0.421,0.465,0.371,0.717,14.4,9.05,0.533,0.508,0.467,0.238,,4.4
Oliver Miller,Arkansas,1992,22,C,137,23.7,7.8,0.636,0.65,0.167,0.646,12.2,5.89,0.646,0.638,0.028,0.447,,5.6
Lee Mayberry,Arkansas,1992,23,PG,139,32.5,10.5,0.495,0.534,0.424,0.724,14,5.89,0.591,0.57,0.352,0.261,,5.2
Latrell Sprewell,Alabama,1992,24,SG,68,31.3,10.1,0.499,0.536,0.399,0.74,13.5,7.99,0.582,0.552,0.266,0.313,,15.4
Elmore Spencer,UNLV,1992,25,C,70,24.2,7.5,0.603,0.607,0,0.516,10.6,4.56,0.594,0.603,0.006,0.416,,2.4
Dave Johnson,Syracuse,1992,26,SG,132,26,9.6,0.447,0.488,0.337,0.653,12.2,8.4,0.526,0.493,0.27,0.433,,3.7
Byron Houston,Oklahoma State,1992,27,PF,127,32.4,11.8,0.552,0.569,0.281,0.729,18.7,8.34,0.608,0.56,0.059,0.638,,5.3
Chris Webber,Michigan,1993,1,C,70,31.9,12.4,0.589,0.641,0.306,0.53,17.4,12.07,0.605,0.613,0.155,0.342,,17.5
Shawn Bradley,BYU,1993,2,C,34,28.9,10.6,0.518,0.517,1,0.692,14.8,5.36,0.56,0.519,0.003,0.512,,10.3
Anfernee Hardaway,Memphis,1993,3,PG,66,36.7,15.2,0.456,0.531,0.346,0.717,20,9.15,0.56,0.526,0.408,0.362,,16
Jamal Mashburn,Kentucky,1993,4,SF,98,30.2,13.3,0.516,0.577,0.376,0.697,18.8,9.62,0.598,0.573,0.301,0.379,,19.2
Isaiah Rider,UNLV,1993,5,SG,55,34.8,17.6,0.504,0.56,0.401,0.805,24.9,3.39,0.612,0.574,0.35,0.334,,16.6
Calbert Cheaney,Indiana,1993,6,SG,132,31.3,13.8,0.559,0.587,0.438,0.79,19.8,10.64,0.629,0.6,0.186,0.298,,12
Bobby Hurley,Duke,1993,7,PG,140,34.3,8.9,0.41,0.415,0.405,0.776,12.4,10.09,0.569,0.515,0.521,0.454,,7.1
Vin Baker,Hartford,1993,8,C,112,29.4,16.2,0.475,0.502,0.3,0.637,20,-6.08,0.522,0.495,0.134,0.386,,13.5
Rodney Rogers,Wake Forest,1993,9,SF,89,31.7,13.2,0.579,0.613,0.349,0.694,19.3,8.26,0.621,0.602,0.129,0.368,,8.1
Lindsey Hunter,Jackson State,1993,10,PG,119,31.7,17.8,0.409,0.446,0.353,0.709,20.1,-4.85,0.507,0.479,0.397,0.24,,10.3
Allan Houston,Tennessee,1993,11,SG,128,36,15.3,0.46,0.486,0.424,0.849,21.9,8.28,0.602,0.548,0.417,0.391,,8.5
George Lynch,UNC,1993,12,SF,140,26.5,9.8,0.519,0.524,0.344,0.651,12.5,10.82,0.547,0.523,0.023,0.352,,9.6
Terry Dehere,Seton Hall,1993,13,PG,128,33.4,13.9,0.442,0.486,0.389,0.822,19.5,9.44,0.586,0.53,0.455,0.417,,5.3
Scott Haskin,Oregon State,1993,14,C,111,24.4,8.6,0.55,0.55,0,0.711,11.9,8.36,0.582,0.55,0,0.4,,2
Doug Edwards,Florida State,1993,15,PF,93,34.5,12.8,0.52,0.547,0.263,0.725,17.2,8.54,0.568,0.533,0.095,0.384,,2.7
Rex Walters,Kansas,1993,16,SG,120,25,9,0.5,0.562,0.426,0.837,13.4,11.28,0.636,0.596,0.453,0.345,,3.4
Greg Graham,Indiana,1993,17,SG,132,24.7,7.5,0.514,0.538,0.439,0.766,12,10.64,0.622,0.568,0.249,0.619,,4.8
Luther Wright,Seton Hall,1993,18,C,64,18,5.6,0.522,0.522,0,0.644,7.1,8.69,0.543,0.522,0,0.328,,1.3
Acie Earl,Iowa,1993,19,C,116,27.6,10.9,0.508,0.509,0.286,0.68,15.3,9.05,0.553,0.508,0.006,0.573,,5.5
Scott Burrell,UConn,1993,20,SF,119,32.1,10.7,0.426,0.467,0.357,0.64,13.1,7.75,0.52,0.492,0.369,0.375,,4.8
James Robinson,Alabama,1993,21,PG,96,32.6,14.8,0.447,0.504,0.371,0.697,18.9,7.94,0.554,0.526,0.428,0.326,,4.8
Chris Mills,Arizona,1993,22,SF,126,31.8,12.4,0.508,0.55,0.375,0.767,16.5,8.4,0.584,0.553,0.243,0.287,,9.4
Ervin Johnson,New Orleans,1993,23,C,123,30,8.8,0.591,0.591,0,0.646,13.1,0.68,0.607,0.591,0,0.473,,2.6
Sam Cassell,Florida State,1993,24,PG,66,35.5,13.9,0.478,0.531,0.366,0.734,18.3,10.08,0.569,0.537,0.321,0.33,,6.7
Corie Blount,Cincinnati,1993,25,PF,55,26.4,7.8,0.511,0.513,0,0.559,9.4,6.28,0.521,0.511,0.005,0.335,,3
Geert Hammink,LSU,1993,26,C,113,14.5,5.3,0.471,0.474,0,0.685,6.5,7.33,0.513,0.471,0.005,0.418,,2
Malcolm Mackey,Georgia Tech,1993,27,C,130,31.9,10,0.545,0.546,0,0.621,13.3,10.54,0.562,0.545,0.002,0.394,,1.5
Glenn Robinson,Purdue,1994,1,SF,62,35.1,20.7,0.479,0.507,0.385,0.773,27.5,9.77,0.566,0.523,0.225,0.371,,21.9
Jason Kidd,California,1994,2,PG,59,33.5,10.8,0.468,0.541,0.333,0.677,14.9,7.2,0.561,0.527,0.352,0.474,,11.7
Grant Hill,Duke,1994,3,SF,129,30.4,10.9,0.532,0.546,0.376,0.698,14.9,10.12,0.578,0.548,0.084,0.399,,19.9
Donyell Marshall,UConn,1994,4,SF,91,31,13.5,0.487,0.533,0.306,0.77,18.1,7.15,0.565,0.518,0.202,0.398,,12.6
Juwan Howard,Michigan,1994,5,PF,100,30.7,12.1,0.51,0.514,0.091,0.688,15.3,12.06,0.541,0.511,0.009,0.35,,17
Sharone Wright,Clemson,1994,6,C,92,29.2,10.3,0.531,0.535,0,0.632,14.2,7.22,0.558,0.531,0.006,0.513,,11.4
Lamond Murray,California,1994,7,SF,88,30.6,15,0.489,0.533,0.337,0.713,19.2,7.14,0.557,0.527,0.223,0.321,,14.1
Brian Grant,Xavier,1994,8,PF,117,29.9,9.4,0.594,0.595,0.333,0.676,14.7,1.1,0.619,0.595,0.003,0.544,,13.2
Eric Montross,UNC,1994,9,C,139,25.2,7.7,0.585,0.585,0,0.624,11.7,10.41,0.6,0.585,0,0.562,,10
Eddie Jones,Temple,1994,10,SG,92,33.9,13.4,0.458,0.511,0.35,0.614,16,8.98,0.53,0.515,0.327,0.263,,14
Carlos Rogers,Tennessee State,1994,11,C,79,29.9,12.4,0.603,0.609,0.25,0.629,19.1,-4.07,0.616,0.605,0.016,0.52,,8.9
Khalid Reeves,Arizona,1994,12,PG,128,26.9,10.5,0.479,0.535,0.38,0.763,15,8.75,0.591,0.548,0.362,0.434,,9.2
Jalen Rose,Michigan,1994,13,SF,102,34.4,13.3,0.464,0.512,0.336,0.738,17.5,12.06,0.553,0.51,0.272,0.406,,8.2
Yinka Dare,George Washington,1994,14,C,60,27.8,9.8,0.544,0.544,0,0.529,13.8,5.32,0.547,0.544,0,0.624,,0
Eric Piatkowski,Nebraska,1994,15,SG,123,27.8,11.7,0.471,0.544,0.358,0.777,15.7,7.63,0.58,0.541,0.393,0.341,,7
Clifford Rozier,Louisville,1994,16,C,99,24,8.9,0.573,0.575,0,0.557,12.8,9.04,0.576,0.573,0.003,0.542,,6.8
Aaron McKie,Temple,1994,17,SG,92,38,14.5,0.421,0.453,0.366,0.79,17.9,8.98,0.534,0.488,0.364,0.328,,6.5
Eric Mobley,Pitt,1994,18,C,88,23.8,7.6,0.557,0.557,0,0.486,10.2,9.01,0.549,0.557,0,0.488,,3.9
Tony Dumas,UMKC,1994,19,SG,112,35.7,15.8,0.477,0.516,0.37,0.753,22,-3.58,0.573,0.527,0.27,0.446,,4.6
B.J. Tyler,Texas,1994,20,PG,93,30.7,13,0.435,0.509,0.361,0.741,16.7,5.27,0.559,0.526,0.501,0.313,,3.5
Dickey Simpkins,Providence,1994,21,PF,125,26.7,7.1,0.486,0.49,0.346,0.646,9.8,7.59,0.534,0.491,0.029,0.625,,3.5
Bill Curley,Boston College,1994,22,PF,126,32.7,10.4,0.565,0.567,0,0.78,16.7,7.72,0.622,0.565,0.004,0.603,,2.7
Wesley Person,Auburn,1994,23,SG,108,35,14.2,0.504,0.543,0.441,0.747,19.1,8.13,0.608,0.589,0.387,0.227,,10.4
Monty Williams,Notre Dame,1994,24,SF,85,29.8,12,0.487,0.51,0.364,0.738,16.1,7.92,0.56,0.516,0.159,0.423,,3.3
Greg Minor,Louisville,1994,25,SG,95,32,9.3,0.507,0.566,0.363,0.739,12.6,8.12,0.589,0.56,0.293,0.32,,6
Charlie Ward,Florida State,1994,26,PG,91,29.5,6.5,0.441,0.515,0.323,0.636,8.1,8.21,0.528,0.503,0.384,0.369,,1.6
Brooks Thompson,Oklahoma State,1994,27,PG,123,30.4,10.4,0.441,0.487,0.4,0.753,13.6,6.38,0.576,0.547,0.528,0.288,,3.1
Joe Smith,Maryland,1995,1,PF,64,32.8,12.8,0.551,0.555,0.423,0.738,20.2,8.85,0.608,0.557,0.032,0.624,,15.3
Antonio McDyess,Alabama,1995,2,PF,59,25.1,10.1,0.533,0.534,0,0.625,12.8,6.32,0.549,0.533,0.002,0.323,,13.4
Jerry Stackhouse,UNC,1995,3,SG,69,27.6,10.3,0.496,0.522,0.355,0.72,15.7,11.18,0.579,0.523,0.154,0.653,,19.2
Rasheed Wallace,UNC,1995,4,PF,69,25.5,8.6,0.635,0.637,0.25,0.621,13,11.18,0.638,0.636,0.007,0.391,,10.1
Bryant Reeves,Oklahoma State,1995,5,C,136,30.6,11,0.585,0.587,0.125,0.648,17.4,9.82,0.608,0.585,0.005,0.637,,13.3
Damon Stoudamire,Arizona,1995,6,PG,123,29.8,10.9,0.457,0.514,0.402,0.804,15,8.93,0.597,0.558,0.504,0.323,,19
Shawn Respert,Michigan State,1995,7,SG,119,33,15.1,0.484,0.504,0.454,0.857,21.3,9.71,0.617,0.576,0.407,0.305,,4.9
Ed O'Bannon,UCLA,1995,8,SG,117,29.7,11.3,0.513,0.539,0.394,0.739,15.5,8.91,0.583,0.548,0.175,0.377,,6.2
Kurt Thomas,TCU,1995,9,PF,87,23.7,12.7,0.524,0.54,0.25,0.682,17.4,1.33,0.564,0.531,0.054,0.453,,9
Gary Trent,Ohio,1995,10,PF,93,33.8,14.9,0.573,0.59,0.246,0.687,22.7,0.19,0.608,0.579,0.05,0.522,,7.5
Cherokee Parks,Duke,1995,11,C,131,26.4,8.7,0.551,0.572,0.333,0.755,12.5,10.44,0.603,0.566,0.089,0.407,,3.9
Corliss Williamson,Arkansas,1995,12,SF,91,29.1,12.4,0.583,0.585,0.167,0.672,19,8.77,0.609,0.583,0.005,0.546,,5.6
Eric Williams,Providence,1995,13,SF,60,30.4,12.9,0.453,0.466,0.349,0.673,16.7,8.75,0.519,0.472,0.108,0.523,,10.7
Brent Barry,Oregon State,1995,14,SG,108,28.9,8.4,0.48,0.575,0.345,0.794,12.1,9.12,0.598,0.551,0.414,0.415,,10.1
Alan Henderson,Indiana,1995,15,PF,124,29,11.4,0.54,0.546,0.231,0.646,16,11.15,0.568,0.542,0.018,0.49,,6.4
Bob Sura,Florida State,1995,16,SG,119,33.6,13.7,0.45,0.523,0.336,0.652,17.9,9.97,0.544,0.516,0.394,0.428,,5.3
Theo Ratliff,Wyoming,1995,17,C,111,26.4,6.9,0.547,0.551,0.143,0.608,10.3,3.38,0.569,0.548,0.009,0.64,,4.5
Randolph Childress,Wake Forest,1995,18,PG,120,33.1,12.1,0.446,0.514,0.395,0.804,18.4,9.05,0.614,0.559,0.573,0.499,,3
Jason Caffey,Alabama,1995,19,PF,119,24.3,8.1,0.509,0.514,0.222,0.578,10.4,6.94,0.529,0.511,0.019,0.467,,3.2
Michael Finley,Wisconsin,1995,20,SF,115,34.3,14.6,0.44,0.501,0.338,0.769,18.7,7.83,0.547,0.503,0.375,0.353,,15
George Zidek,UCLA,1995,21,C,104,16.9,5.4,0.52,0.524,0.25,0.744,7.1,8.91,0.562,0.522,0.014,0.385,,4
Travis Best,Georgia Tech,1995,22,PG,124,36.3,12.4,0.456,0.503,0.393,0.809,16.6,9.77,0.581,0.54,0.426,0.316,,3.7
Loren Meyer,Iowa State,1995,23,C,111,22.4,7.8,0.556,0.562,0.214,0.713,11.5,8.17,0.595,0.558,0.016,0.502,,5
David Vaughn,Memphis,1995,24,PF,92,30.6,11.1,0.486,0.493,0.333,0.749,14.2,7.5,0.539,0.493,0.041,0.385,,1.9
Sherell Ford,UIC,1995,25,SF,88,34.2,18.6,0.482,0.512,0.347,0.704,22.9,-3.33,0.541,0.513,0.179,0.286,,3.2
Mario Bennett,Arizona State,1995,26,SF,87,31.3,10.6,0.587,0.61,0.294,0.53,15.7,8.17,0.589,0.598,0.074,0.55,,4.5
Greg Ostertag,Kansas,1995,27,C,127,16.1,5.6,0.55,0.553,0,0.604,7.6,9.83,0.565,0.55,0.004,0.451,,3.6
Cory Alexander,Virginia,1995,28,PG,85,33.6,12.6,0.427,0.485,0.336,0.693,15.1,10.15,0.523,0.493,0.393,0.303,,2.8
Allen Iverson,Georgetown,1996,1,PG,67,32.5,17.5,0.44,0.503,0.314,0.683,23,8.12,0.535,0.492,0.332,0.485,5.1,23.5
Marcus Camby,UMass,1996,2,C,92,25.3,11.7,0.501,0.506,0.077,0.661,15.1,7.75,0.535,0.501,0.012,0.433,2.2,14.8
Shareef Abdur-Rahim,California,1996,3,PF,28,34.7,14.2,0.518,0.525,0.381,0.683,21.1,6.44,0.571,0.528,0.053,0.626,3.1,18.7
Stephon Marbury,Georgia Tech,1996,4,PG,36,37.4,14.3,0.457,0.533,0.37,0.738,18.9,12.71,0.574,0.543,0.463,0.319,3.5,15.8
Ray Allen,UConn,1996,5,SG,101,28.6,14.3,0.487,0.508,0.448,0.779,19,7.3,0.594,0.567,0.359,0.247,5,13.4
Antoine Walker,Kentucky,1996,6,PF,69,21,10.4,0.449,0.482,0.252,0.66,11.7,9.85,0.494,0.467,0.143,0.282,0.9,17.5
Lorenzen Wright,Memphis,1996,7,C,64,34.8,11.5,0.551,0.553,0,0.635,16,6.18,0.572,0.551,0.003,0.463,2.7,7.3
Kerry Kittles,Villanova,1996,8,SG,122,36.1,14.1,0.478,0.536,0.394,0.719,18.4,9.47,0.58,0.558,0.411,0.261,3.2,16.4
Samaki Walker,Louisville,1996,9,PF,50,29.5,9.7,0.57,0.574,0.286,0.568,14.3,8.83,0.578,0.572,0.014,0.572,2.1,5
Erick Dampier,Mississippi State,1996,10,C,93,28.4,8.8,0.587,0.587,0,0.566,13.2,8.21,0.589,0.587,0,0.58,2.7,5.1
Todd Fuller,NC State,1996,11,C,115,27.4,10.2,0.498,0.508,0.309,0.8,13.8,8.63,0.562,0.506,0.047,0.425,3.5,4.1
Vitaly Potapenko,Wright State,1996,12,C,56,30.5,12.1,0.603,0.607,0.167,0.725,19.9,-0.92,0.639,0.604,0.009,0.593,4,5.8
Steve Nash,Santa Clara,1996,13,PG,113,30.1,10.9,0.43,0.462,0.401,0.867,14.9,2.4,0.59,0.537,0.534,0.347,2.8,3.3
Tony Delk,Kentucky,1996,14,PG,133,23.7,10.8,0.474,0.549,0.397,0.709,14.2,9.59,0.59,0.572,0.494,0.236,4,5.4
John Wallace,Syracuse,1996,15,SF,127,33,11.6,0.533,0.544,0.39,0.738,16.7,9.07,0.589,0.547,0.071,0.47,4.5,4.8
Walter McCarty,Kentucky,1996,16,PF,103,20.5,6.6,0.515,0.557,0.401,0.684,9.2,9.71,0.591,0.569,0.273,0.357,2.6,1.8
Dontae' Jones,Mississippi State,1996,17,SF,33,30.5,12.7,0.474,0.516,0.296,0.744,14.7,8.72,0.527,0.502,0.194,0.206,1.7,2.9
Roy Rogers,Alabama,1996,18,PF,102,20.4,5.2,0.517,0.519,0,0.61,6.4,6.65,0.533,0.517,0.004,0.307,1.7,6.6
Derek Fisher,Little Rock,1996,19,PG,112,32.6,9.3,0.414,0.429,0.38,0.747,12.4,-2.35,0.536,0.474,0.315,0.511,2.1,3.9
Jerome Williams,Georgetown,1996,20,PF,68,28.8,7.4,0.544,0.558,0.167,0.634,10.5,8.12,0.571,0.547,0.036,0.528,2.4,1.5
Brian Evans,Indiana,1996,21,SF,124,29.1,10.2,0.449,0.473,0.408,0.8,13.7,10.77,0.572,0.523,0.361,0.377,3.7,1.4
Travis Knight,UConn,1996,22,C,124,18.5,5,0.518,0.522,0,0.622,6.1,7.49,0.535,0.518,0.008,0.312,1.4,4.8
Tim Duncan,Wake Forest,1997,1,PF,128,35.1,10.7,0.577,0.588,0.321,0.689,16.5,9.98,0.613,0.584,0.039,0.552,9.8,21.1
Keith Van Horn,Utah,1997,2,PF,122,30.6,14,0.522,0.575,0.401,0.851,20.8,4.82,0.631,0.583,0.301,0.382,10.5,19.7
Chauncey Billups,Colorado,1997,3,PG,55,33.9,13.1,0.413,0.437,0.382,0.857,18.5,6.42,0.574,0.497,0.437,0.497,5.7,11.2
Antonio Daniels,Bowling Green State,1997,4,SG,111,33.3,11.4,0.515,0.54,0.396,0.758,16.1,1.36,0.591,0.549,0.168,0.423,7.5,7.8
Tony Battie,Texas Tech,1997,5,PF,87,24.7,7.7,0.545,0.56,0.278,0.649,10.7,3.6,0.575,0.553,0.053,0.423,4.5,8.4
Ron Mercer,Kentucky,1997,6,SG,76,26,11,0.483,0.529,0.344,0.782,13.3,9.63,0.552,0.526,0.25,0.203,4.5,15.3
Tim Thomas,Villanova,1997,7,SF,32,31.4,13,0.45,0.507,0.336,0.796,16.9,9.45,0.555,0.506,0.337,0.365,2.6,11
Adonal Foyle,Colgate,1997,8,C,87,36.5,15,0.547,0.551,0.1,0.491,20.4,-5.01,0.541,0.548,0.008,0.55,5,3
Danny Fortson,Cincinnati,1997,9,PF,100,26.9,11.6,0.565,0.566,0,0.743,18.8,7.35,0.617,0.565,0.003,0.663,10.3,10.2
Tariq Abdul-Wahad,San Jose State,1997,10,SG,87,23.4,10.4,0.477,0.509,0.322,0.726,13.6,6.57,0.548,0.504,0.169,0.421,4.8,6.4
Austin Croshere,Providence,1997,11,PF,121,23.6,9.3,0.44,0.502,0.34,0.843,12.6,8.81,0.567,0.505,0.384,0.407,6.2,2.9
Derek Anderson,Kentucky,1997,12,SF,99,24.9,8.5,0.482,0.532,0.364,0.805,12.4,10.44,0.593,0.536,0.296,0.472,4.5,11.7
Maurice Taylor,Michigan,1997,13,PF,98,28.5,10.8,0.497,0.5,0.313,0.642,12.9,9.33,0.521,0.499,0.015,0.294,3.5,11.5
Kelvin Cato,Iowa State,1997,14,C,79,24.4,7.9,0.434,0.435,0,0.584,9.1,4.07,0.468,0.434,0.002,0.486,0.5,3.8
Brevin Knight,Stanford,1997,15,PG,115,32.2,10.8,0.416,0.439,0.336,0.798,14.9,7.59,0.539,0.453,0.224,0.598,4.9,9
Johnny Taylor,Chattanooga,1997,16,SF,62,30.1,12.8,0.497,0.55,0.337,0.692,17.3,-5.61,0.568,0.539,0.25,0.387,5.8,3.2
Scot Pollard,Kansas,1997,17,C,128,21.5,6,0.549,0.549,1,0.669,9.4,8.45,0.588,0.55,0.001,0.691,3.7,2.7
Paul Grant,Wisconsin,1997,18,C,116,16.8,4.9,0.498,0.5,0,0.699,6.3,8.05,0.536,0.498,0.004,0.402,1.9,0.7
Anthony Parker,Bradley,1997,19,SG,112,32.2,10.5,0.447,0.5,0.379,0.75,15,2.23,0.58,0.53,0.439,0.5,6,1.9
Ed Gray,California,1997,20,SG,81,29.3,15.2,0.422,0.485,0.302,0.773,18.3,8.03,0.521,0.474,0.342,0.337,4.9,7.6
Bobby Jackson,Minnesota,1997,21,PG,60,29.7,11.9,0.427,0.471,0.307,0.786,14.4,8.06,0.519,0.469,0.268,0.346,3,11.6
Rodrick Rhodes,USC,1997,22,SF,124,25.2,9.2,0.428,0.472,0.339,0.721,12.6,9.59,0.542,0.484,0.332,0.557,1.3,5.8
John Thomas,Minnesota,1997,23,PF,124,20.7,5.7,0.496,0.497,0,0.536,7.1,8.13,0.509,0.496,0.001,0.496,2.4,2.8
Charles Smith,NMSU,1997,24,SG,126,30,13,0.449,0.512,0.342,0.731,15.8,3.32,0.541,0.513,0.369,0.26,6.4,3.5
Jacque Vaughn,Kansas,1997,25,PG,126,30.2,6.6,0.459,0.496,0.383,0.708,9.6,8.45,0.569,0.522,0.327,0.564,3.8,3.1
Keith Booth,Maryland,1997,26,SF,126,30.7,10.2,0.456,0.478,0.21,0.699,14.1,9.23,0.528,0.465,0.081,0.638,4.3,1.7
Michael Olowokandi,Pacific,1998,1,C,77,15.7,9.7,0.592,0.592,0,0.466,13.5,-1.18,0.575,0.592,0,0.437,5.9,8.9
Mike Bibby,Arizona,1998,2,PG,69,32.3,11.4,0.456,0.514,0.39,0.73,15.4,9.68,0.578,0.548,0.468,0.342,5.7,13.2
Raef LaFrentz,Kansas,1998,3,C,131,27.5,11.3,0.555,0.56,0.371,0.712,15.8,7.94,0.589,0.56,0.024,0.381,10.2,13.8
Antawn Jamison,UNC,1998,4,SF,104,33.6,13.1,0.577,0.583,0.296,0.617,19,11.3,0.593,0.58,0.02,0.466,11.8,9.6
Vince Carter,UNC,1998,5,SF,103,23,8.5,0.547,0.625,0.368,0.705,12.3,11.3,0.622,0.603,0.306,0.332,9,18.3
Robert Traylor,Michigan,1998,6,C,91,24.4,9.6,0.566,0.566,0,0.545,13.3,9.57,0.567,0.566,0.001,0.456,6.4,5.3
Jason Williams,Florida,1998,7,PG,48,29.1,11,0.483,0.549,0.394,0.793,14.9,1.3,0.598,0.567,0.426,0.274,4.3,12.8
Larry Hughes,Saint Louis,1998,8,PG,32,,16.9,0.415,0.461,0.29,0.692,20.9,5.51,0.505,0.454,0.269,0.481,1.8,9.1
Paul Pierce,Kansas,1998,9,SF,108,28.1,12.4,0.481,0.518,0.355,0.697,16.4,7.24,0.555,0.521,0.227,0.396,8,16.5
Bonzi Wells,Ball State,1998,10,SF,116,31,16.4,0.48,0.526,0.325,0.681,21.4,1.63,0.549,0.517,0.23,0.399,9.3,4.4
Michael Doleac,Utah,1998,11,C,133,22.2,7.8,0.491,0.496,0.404,0.784,11.4,5.42,0.571,0.501,0.05,0.577,7.9,6.2
Keon Clark,UNLV,1998,12,C,39,28.1,10.4,0.554,0.567,0.37,0.638,14.8,4.38,0.585,0.567,0.067,0.456,3.5,3.3
Michael Dickerson,Arizona,1998,13,SG,130,24.1,11.2,0.458,0.494,0.367,0.728,13.8,9.54,0.54,0.51,0.286,0.284,5.7,10.9
Matt Harpring,Georgia Tech,1998,14,SF,124,36,13.1,0.465,0.523,0.361,0.753,17.9,10.66,0.573,0.53,0.361,0.416,10,8.2
Bryce Drew,Valparaiso,1998,15,PG,121,35.1,12.8,0.449,0.466,0.435,0.834,17.7,-6.45,0.605,0.567,0.54,0.299,12.1,3.5
Pat Garrity,Notre Dame,1998,16,PF,111,32.1,13.8,0.488,0.516,0.358,0.747,18.8,6.82,0.565,0.52,0.182,0.427,8.8,5.6
Roshown McLeod,Duke,1998,17,SF,126,21.1,8.3,0.479,0.501,0.383,0.711,10.7,8.4,0.553,0.515,0.185,0.361,5.2,4.8
Ricky Davis,Iowa,1998,18,SG,31,,12,0.466,0.518,0.308,0.698,15,6.04,0.537,0.504,0.245,0.348,1.8,4.5
Brian Skinner,Baylor,1998,19,PF,103,31.7,11.4,0.575,0.575,0,0.558,16.5,2.18,0.577,0.575,0,0.545,8.2,4.1
Tyronn Lue,Nebraska,1998,20,PG,99,32.6,12.7,0.446,0.489,0.356,0.788,15.9,6.45,0.546,0.504,0.324,0.316,7.2,5
Felipe Lopez,St. John's (NY),1998,21,SG,114,34.5,14.2,0.415,0.468,0.296,0.657,16.9,7.86,0.499,0.461,0.31,0.414,2.8,9.3
Sam Jacobson,Minnesota,1998,22,PG,130,23.4,11.2,0.437,0.471,0.365,0.718,13.1,7.67,0.523,0.496,0.324,0.248,5,4
Corey Benjamin,Oregon State,1998,23,PG,48,26.1,13,0.491,0.586,0.305,0.688,17.5,8.65,0.57,0.543,0.337,0.38,4.6,3.8
Nazr Mohammed,Kentucky,1998,24,C,94,12.8,6.4,0.553,0.555,0,0.581,8.7,9.7,0.562,0.553,0.003,0.409,3.9,1.6
Elton Brand,Duke,1999,1,PF,60,29.3,9.7,0.612,0.612,0,0.672,16.2,9.73,0.635,0.612,0,0.672,6.8,20.1
Steve Francis,Maryland,1999,2,PG,34,30.7,11.5,0.523,0.58,0.388,0.79,17,9.1,0.62,0.58,0.296,0.401,4.1,18
Baron Davis,UCLA,1999,3,PG,59,30.7,9.7,0.503,0.583,0.328,0.631,13.6,9.93,0.574,0.554,0.315,0.469,4.3,5.9
Lamar Odom,Rhode Island,1999,4,SF,32,34.9,13.2,0.482,0.53,0.33,0.687,17.6,5.58,0.556,0.521,0.238,0.432,2.9,16.6
Wally Szczerbiak,Miami (OH),1999,5,SF,105,28.5,12.5,0.512,0.558,0.431,0.809,17.6,1.97,0.621,0.59,0.361,0.284,14.5,11.6
Richard Hamilton,UConn,1999,6,SG,103,31.4,15.7,0.426,0.456,0.378,0.826,19.8,8.27,0.547,0.499,0.387,0.311,9.5,9
Andre Miller,Utah,1999,7,PG,134,29.4,8.6,0.513,0.558,0.294,0.676,12.1,5.01,0.571,0.538,0.172,0.496,10.3,11.1
Shawn Marion,UNLV,1999,8,SF,29,32.9,14.4,0.529,0.573,0.299,0.73,18.7,4.52,0.577,0.553,0.16,0.266,3,10.2
Jason Terry,Arizona,1999,9,PG,129,25.1,8.6,0.443,0.503,0.374,0.784,11.3,9.02,0.57,0.529,0.465,0.336,7.5,8.1
Trajan Langdon,Duke,1999,10,SG,136,28.9,10.1,0.451,0.486,0.426,0.862,14.5,10.15,0.62,0.575,0.581,0.325,11.5,4.9
Corey Maggette,Duke,1999,11,SF,39,17.7,6.7,0.525,0.61,0.345,0.716,10.6,10.13,0.619,0.58,0.322,0.594,2.7,8.4
William Avery,Duke,1999,12,PG,74,31,8.7,0.47,0.554,0.369,0.784,11.9,9.73,0.59,0.553,0.454,0.322,5.1,2.6
Metta World Peace,St. John's (NY),1999,13,SF,69,34.2,10.9,0.445,0.492,0.355,0.589,13.1,7.93,0.521,0.506,0.344,0.327,3.1,12
Cal Bowdler,Old Dominion,1999,14,SF,118,20.6,6.8,0.451,0.492,0.264,0.625,8.6,-0.76,0.51,0.474,0.179,0.508,2.9,2.7
James Posey,Xavier,1999,15,SF,95,31.5,9.3,0.527,0.594,0.329,0.808,15.3,4.64,0.633,0.568,0.251,0.63,11,8.2
Quincy Lewis,Minnesota,1999,16,SG,127,21.1,10.4,0.46,0.505,0.344,0.723,12.7,8.59,0.538,0.508,0.279,0.281,6.8,3.8
Dion Glover,Georgia Tech,1999,17,SG,33,,15.2,0.441,0.525,0.271,0.64,18.4,8.7,0.514,0.486,0.33,0.37,1.7,6.5
Jeff Foster,Texas State,1999,18,C,111,21.3,7.1,0.508,0.505,1,0.639,9.8,-7.6,0.544,0.51,0.005,0.556,4.9,2.3
Kenny Thomas,New Mexico,1999,19,PF,123,31.7,10.1,0.537,0.569,0.353,0.74,15.7,3.23,0.61,0.563,0.148,0.582,13.3,8.3
Tim James,Miami (FL),1999,20,SF,115,28.5,12.4,0.476,0.486,0.278,0.644,14.9,7.22,0.511,0.483,0.05,0.359,4.9,2.8
Vonteego Cummings,Pitt,1999,21,PG,103,32.3,12.7,0.423,0.463,0.334,0.699,15.3,7.9,0.514,0.474,0.306,0.371,5.1,9.4
Jumaine Jones,Georgia,1999,22,SF,65,34.4,13.2,0.449,0.492,0.351,0.751,16.6,8.11,0.542,0.502,0.305,0.337,4.5,1.7
Scott Padgett,Kentucky,1999,23,PF,122,22.8,7.7,0.449,0.517,0.364,0.759,10.3,9.66,0.568,0.53,0.443,0.352,6.9,2.6
Kenyon Martin,Cincinnati,2000,1,PF,116,23.7,7.5,0.586,0.59,0.222,0.581,11,6.65,0.592,0.587,0.01,0.494,8.2,12
Stromile Swift,LSU,2000,2,PF,50,26.6,9,0.56,0.585,0.242,0.613,13.4,5.84,0.585,0.569,0.073,0.566,4.1,4.9
Marcus Fizer,Iowa State,2000,3,PF,97,32.9,13.9,0.511,0.524,0.292,0.702,18.9,6.27,0.558,0.519,0.053,0.453,9.2,9.5
Mike Miller,Florida,2000,4,SF,65,26.7,9.2,0.483,0.565,0.345,0.718,13.3,7.07,0.586,0.547,0.376,0.473,5,11.9
DerMarr Johnson,Cincinnati,2000,5,SF,32,27.5,9.2,0.478,0.575,0.371,0.737,12.6,8.5,0.594,0.567,0.478,0.324,2.6,5.1
Chris Mihm,Texas,2000,6,C,96,31.4,10.4,0.497,0.503,0.3,0.684,14.6,7.62,0.548,0.501,0.03,0.581,6.3,7.6
Jamal Crawford,Michigan,2000,7,PG,17,33.9,15,0.412,0.468,0.327,0.784,16.6,9.27,0.507,0.476,0.396,0.2,0.7,4.6
Joel Przybilla,Minnesota,2000,8,C,49,27.6,6.9,0.591,0.591,0,0.521,9.9,9.77,0.583,0.591,0,0.479,3,0.8
Keyon Dooling,Missouri,2000,9,PG,59,28.1,9.2,0.411,0.452,0.338,0.733,12.1,6.05,0.531,0.472,0.365,0.51,2.9,5.9
Jerome Moiso,UCLA,2000,10,C,62,26.8,9.8,0.495,0.505,0.227,0.614,12,9.47,0.521,0.499,0.036,0.362,2.4,1.5
Etan Thomas,Syracuse,2000,11,C,122,26,6.8,0.6,0.6,0,0.598,11,7.2,0.608,0.6,0,0.709,9.3,4.3
Courtney Alexander,Fresno State,2000,12,PG,112,30.9,15.8,0.456,0.488,0.362,0.767,18.9,7.56,0.535,0.503,0.259,0.248,7.9,9.5
Mateen Cleaves,Michigan State,2000,13,PG,123,29.6,10.8,0.406,0.454,0.313,0.738,12.5,9.5,0.502,0.459,0.343,0.324,4.7,5.4
Jason Collier,Georgia Tech,2000,14,C,97,29.6,10.8,0.458,0.478,0.369,0.711,13.9,9.13,0.535,0.491,0.179,0.428,5.3,3.1
Desmond Mason,Oklahoma State,2000,15,SF,129,30,9.8,0.486,0.529,0.372,0.731,13.2,5.94,0.572,0.537,0.275,0.367,9.4,5.9
Quentin Richardson,DePaul,2000,16,SG,64,34.2,14,0.454,0.5,0.369,0.728,17.9,7.85,0.553,0.519,0.355,0.338,5.5,8.1
Jamaal Magloire,Kentucky,2000,17,C,145,21.2,5.4,0.503,0.503,0,0.636,7.3,10.42,0.537,0.503,0,0.554,4.4,4.6
Speedy Claxton,Hofstra,2000,18,PG,119,33.8,12.6,0.468,0.491,0.322,0.748,16.9,-4.42,0.545,0.49,0.134,0.48,9.9,7.2
Morris Peterson,Michigan State,2000,19,SG,137,23.4,8.5,0.484,0.537,0.377,0.746,11.6,9.41,0.582,0.547,0.333,0.367,10,9.3
Donnell Harvey,Florida,2000,20,PF,37,20.2,7.7,0.507,0.509,0,0.61,10.1,8.51,0.533,0.507,0.004,0.496,1.3,1.2
Mamadou N'Diaye,Auburn,2000,21,C,128,20.8,4.9,0.506,0.508,0,0.641,6.8,6.11,0.543,0.506,0.003,0.587,3.9,1.3
Erick Barkley,St. John's (NY),2000,22,PG,65,34.8,12.3,0.396,0.444,0.328,0.727,14.6,8.02,0.508,0.464,0.409,0.363,2.9,2.4
Mark Madsen,Stanford,2000,23,PF,108,24.8,6.8,0.587,0.589,0,0.596,10.9,8.67,0.598,0.587,0.003,0.737,7.6,2
Jason Richardson,Michigan State,2001,1,SG,70,21.7,7.4,0.503,0.551,0.383,0.649,9.6,9.73,0.573,0.558,0.287,0.285,3.7,14.4
Shane Battier,Duke,2001,2,SF,146,31.4,8.9,0.5,0.57,0.416,0.777,13.6,10.08,0.632,0.594,0.454,0.431,13.5,14.4
Eddie Griffin,Seton Hall,2001,3,PF,30,32.6,16,0.429,0.469,0.32,0.734,17.8,6.03,0.501,0.472,0.267,0.227,1,8.8
Rodney White,Charlotte,2001,4,SF,28,30.9,13.8,0.487,0.533,0.347,0.713,18.7,7.91,0.566,0.53,0.246,0.415,2.5,3.5
Joe Johnson,Arkansas,2001,5,SG,53,30.3,12.2,0.466,0.485,0.406,0.753,15,6.96,0.545,0.515,0.239,0.262,3.3,7.5
Richard Jefferson,Arizona,2001,6,SF,84,26.3,8.1,0.49,0.528,0.368,0.718,11.2,10.19,0.572,0.534,0.238,0.436,5,9.4
Troy Murphy,Notre Dame,2001,7,PF,94,35.1,14.6,0.496,0.522,0.335,0.777,21.4,6.35,0.582,0.52,0.139,0.551,11.5,5.9
Steven Hunter,DePaul,2001,8,C,63,24.6,6.8,0.586,0.589,0,0.6,9.9,7.92,0.594,0.586,0.005,0.465,3.8,3.6
Kirk Haston,Indiana,2001,9,PF,96,26.8,12,0.473,0.48,0.366,0.717,14.6,10.88,0.523,0.484,0.062,0.354,4.5,1.7
Michael Bradley,Villanova,2001,10,PF,100,27.4,6.5,0.677,0.695,0.353,0.541,10.9,8.74,0.662,0.687,0.052,0.548,8.8,1.2
Jason Collins,Stanford,2001,11,C,73,22.1,5.9,0.612,0.623,0.444,0.716,10.8,8.87,0.662,0.626,0.063,0.813,6.4,4.5
Zach Randolph,Michigan State,2001,12,PF,33,19.8,7.1,0.587,0.59,0,0.635,10.8,9.54,0.604,0.587,0.004,0.536,2.3,2.8
Brendan Haywood,UNC,2001,13,C,141,29.2,6,0.637,0.637,0,0.591,10,11.05,0.634,0.637,0,0.656,10.6,5.1
Joseph Forte,UNC,2001,14,SG,69,33.9,15.3,0.454,0.489,0.368,0.81,18.7,11.79,0.544,0.507,0.286,0.259,5.3,0.8
Jeryl Sasser,SMU,2001,15,SG,117,35,14.6,0.394,0.438,0.28,0.71,17,2.13,0.485,0.433,0.278,0.421,2.9,1.4
Brandon Armstrong,Pepperdine,2001,16,SG,65,30.4,15.1,0.439,0.467,0.391,0.824,18.1,2.56,0.544,0.511,0.37,0.214,5,1.8
Gerald Wallace,Alabama,2001,17,SF,36,22.9,8,0.438,0.511,0.175,0.568,9.8,6.27,0.485,0.457,0.219,0.538,0.4,3.2
Samuel Dalembert,Seton Hall,2001,18,C,59,21.4,5.5,0.537,0.537,0,0.539,7.1,5.57,0.542,0.537,0,0.393,1.6,1.5
Jamaal Tinsley,Iowa State,2001,19,PG,68,32.5,10.8,0.388,0.405,0.327,0.685,12.5,6,0.477,0.423,0.217,0.459,1.1,9.4
Jay Williams,Duke,2002,1,PG,108,33.1,14.6,0.453,0.514,0.393,0.671,19.3,10,0.572,0.552,0.506,0.322,10.3,9.5
Mike Dunleavy,Duke,2002,2,SF,104,28.8,10.1,0.475,0.564,0.371,0.698,13.2,10,0.58,0.56,0.46,0.265,7,5.7
Drew Gooden,Kansas,2002,3,SF-PF,98,26.2,12.3,0.493,0.503,0.306,0.698,15.6,9.39,0.537,0.501,0.051,0.379,5.2,12.5
Dajuan Wagner,Memphis,2002,4,SG,36,31.8,18,0.41,0.453,0.317,0.722,21.2,4.72,0.504,0.461,0.321,0.355,1.7,13.4
Chris Wilcox,Maryland,2002,5,PF,70,16.6,6.2,0.52,0.522,0,0.589,7.9,10.19,0.536,0.52,0.005,0.418,1.9,3.7
Caron Butler,UConn,2002,6,SF,63,34.5,13.8,0.465,0.482,0.364,0.768,18,6.43,0.544,0.491,0.139,0.426,4.6,15.4
Jared Jeffries,Indiana,2002,7,SF,70,32.6,11.2,0.45,0.472,0.325,0.643,14.4,11.56,0.515,0.475,0.153,0.521,3,4
Melvin Ely,Fresno State,2002,8,C,124,32.5,11,0.577,0.578,0.333,0.648,15.7,4.4,0.595,0.578,0.002,0.42,11.3,4.5
Marcus Haislip,Tennessee,2002,9,PF,89,17.1,5.9,0.53,0.568,0.373,0.705,8.4,9.77,0.596,0.566,0.196,0.422,4.4,4.1
Fred Jones,Oregon,2002,10,SG,125,28.2,9.2,0.481,0.568,0.338,0.805,13.2,8.05,0.595,0.545,0.378,0.42,9.7,1.2
Juan Dixon,Maryland,2002,11,PG,141,28.4,12.1,0.468,0.513,0.389,0.85,16.1,9.73,0.582,0.538,0.359,0.292,12.2,6.4
Curtis Borchardt,Stanford,2002,12,C,66,21.6,6.6,0.534,0.551,0.375,0.691,10.2,8.67,0.592,0.552,0.092,0.631,3.8,3.6
Ryan Humphrey,Notre Dame,2002,13,PF,123,30.7,10.6,0.495,0.497,0.364,0.536,13.3,5.21,0.51,0.498,0.017,0.472,4.1,1.9
Kareem Rush,Missouri,2002,14,PG,84,30.2,14.7,0.445,0.464,0.422,0.777,18.9,8.07,0.569,0.537,0.434,0.269,7.9,3
Casey Jacobsen,Stanford,2002,15,SF,95,31.8,12.2,0.47,0.505,0.427,0.771,18.1,8.67,0.609,0.566,0.447,0.454,11.3,5.1
Tayshaun Prince,Kentucky,2002,16,SF,135,29.8,10.5,0.457,0.556,0.329,0.743,13.1,11.42,0.557,0.529,0.438,0.261,8.4,3.3
Frank Williams,Illinois,2002,17,PG,101,31.7,11.7,0.396,0.433,0.326,0.807,14.3,10.3,0.515,0.453,0.351,0.39,4.3,1.3
John Salmons,Miami (FL),2002,18,PG,124,30.8,7.7,0.466,0.523,0.321,0.805,10.4,6.25,0.566,0.511,0.281,0.408,7.1,2.1
Chris Jefferies,Fresno State,2002,19,SF,88,28,10.1,0.436,0.5,0.338,0.628,12.9,5.45,0.53,0.503,0.397,0.446,3.9,3.9
Dan Dickau,Gonzaga,2002,20,PG,97,32.1,8.7,0.451,0.436,0.462,0.854,13.3,4.85,0.634,0.578,0.553,0.441,9.5,3.7
Carmelo Anthony,Syracuse,2003,1,SF,35,36.4,17.5,0.453,0.496,0.337,0.706,22.2,9.02,0.537,0.498,0.271,0.389,2.7,21
Chris Bosh,Georgia Tech,2003,2,C,31,31,9.7,0.56,0.575,0.478,0.73,15.6,7.94,0.634,0.597,0.153,0.58,3.5,11.5
Dwyane Wade,Marquette,2003,3,PG,65,30.7,14.8,0.494,0.512,0.333,0.745,19.7,6.03,0.557,0.511,0.1,0.421,6,16.2
Chris Kaman,Central Michigan,2003,4,C,83,26.3,8.8,0.608,0.608,0,0.713,15.1,1.05,0.643,0.608,0,0.685,9.2,6.1
Kirk Hinrich,Kansas,2003,5,PG,141,29.7,8.8,0.493,0.542,0.43,0.776,12.4,9.68,0.616,0.587,0.438,0.298,11.5,12
T.J. Ford,Texas,2003,6,PG,66,33,10.5,0.406,0.436,0.228,0.801,12.9,9.63,0.5,0.422,0.145,0.478,2,7.1
Mike Sweetney,Georgetown,2003,7,PF,96,29,11.6,0.544,0.546,0,0.727,18.2,4.02,0.597,0.544,0.004,0.658,10.4,4.3
Jarvis Hayes,Georgia,2003,8,SF,84,31.4,15,0.457,0.502,0.369,0.772,18,5.2,0.546,0.519,0.339,0.209,6,9.6
Nick Collison,Kansas,2003,9,C,142,27.4,10.7,0.562,0.571,0.359,0.624,14.8,9.68,0.583,0.57,0.042,0.376,11,5.6
Marcus Banks,UNLV,2003,10,PG,63,34.3,12.2,0.495,0.551,0.33,0.731,18.1,4.77,0.585,0.537,0.256,0.555,6.4,5.9
Luke Ridnour,Oregon,2003,11,PG,96,33.6,10.5,0.429,0.472,0.389,0.859,14.6,6.98,0.588,0.53,0.519,0.387,7.8,5.5
Reece Gaines,Louisville,2003,12,PG,125,31.6,11.2,0.452,0.502,0.383,0.75,15.6,7.91,0.577,0.533,0.421,0.435,10.6,1.8
Troy Bell,Boston College,2003,13,PG,122,35.7,14.7,0.424,0.467,0.372,0.868,21.6,5.85,0.588,0.508,0.45,0.52,15.3,1.8
David West,Xavier,2003,14,PF,126,33.4,10.8,0.531,0.54,0.327,0.757,16.9,4.18,0.598,0.538,0.04,0.64,13.7,3.8
Dahntay Jones,Duke,2003,15,SG,131,29.8,10.7,0.452,0.484,0.344,0.745,13.8,7.31,0.539,0.491,0.225,0.41,7,1.8
Brian Cook,Illinois,2003,16,C,132,25.7,9.4,0.51,0.558,0.339,0.793,13.2,9.42,0.592,0.547,0.222,0.388,10.6,4.4
Josh Howard,Wake Forest,2003,17,SF,127,27.8,10.5,0.483,0.522,0.353,0.708,13.9,9.17,0.558,0.524,0.231,0.383,8.1,8.6
Emeka Okafor,UConn,2004,1,PF,103,31.8,9.7,0.59,0.59,0,0.564,13.8,7.61,0.591,0.59,0,0.449,8.2,15.1
Ben Gordon,UConn,2004,2,SG,106,31,12.7,0.44,0.452,0.423,0.795,16.9,7.61,0.574,0.531,0.433,0.346,9.6,15.1
Devin Harris,Wisconsin,2004,3,PG,96,35,10.2,0.447,0.522,0.375,0.778,14.8,7.74,0.593,0.542,0.509,0.474,9.8,5.7
Josh Childress,Stanford,2004,4,SG,86,28.6,10.2,0.438,0.494,0.335,0.755,12.3,7.25,0.532,0.497,0.352,0.278,3.9,10.1
Luol Deng,Duke,2004,5,SF,37,31.1,11.9,0.476,0.515,0.36,0.71,15.1,10.86,0.551,0.522,0.252,0.313,2.4,11.7
Rafael Araujo,BYU,2004,6,C,62,27.4,10.4,0.567,0.587,0.268,0.691,15.1,5.79,0.601,0.575,0.063,0.43,6.1,3.3
Andre Iguodala,Arizona,2004,7,SG,62,25.4,7.8,0.424,0.473,0.274,0.738,9.6,7.79,0.511,0.458,0.242,0.427,1.4,9
Luke Jackson,Oregon,2004,8,SF,126,29.1,11.1,0.461,0.488,0.402,0.849,15.6,6.96,0.586,0.524,0.31,0.426,10.8,2.9
Kris Humphries,Minnesota,2004,9,PF,29,34.1,17.2,0.444,0.455,0.34,0.742,21.7,5.36,0.518,0.461,0.1,0.46,1.8,4.1
Kirk Snyder,Nevada,2004,10,SG,84,30.8,13.3,0.426,0.477,0.31,0.677,16.7,3.25,0.516,0.473,0.305,0.454,3.9,5
Jameer Nelson,St. Joseph's,2004,11,PG,125,34.5,12.4,0.454,0.514,0.365,0.786,16.8,4.12,0.573,0.527,0.405,0.377,11.7,8.7
Delonte West,St. Joseph's,2004,12,SG,89,26.8,10.3,0.489,0.544,0.377,0.831,13.9,4,0.59,0.551,0.326,0.29,7.8,4.5
Tony Allen,Oklahoma State,2004,13,SG,67,31.4,11.5,0.477,0.508,0.347,0.682,15.3,7.84,0.547,0.51,0.195,0.449,4.6,6.4
Kevin Martin,Western Carolina,2004,14,PG,79,31.8,15.5,0.462,0.542,0.346,0.841,23.3,-3.74,0.602,0.533,0.411,0.519,11.2,2.9
David Harrison,Colorado,2004,15,C,88,28.2,9.2,0.601,0.602,0,0.553,15,6.73,0.596,0.601,0.001,0.754,7.7,6.1
Andrew Bogut,Utah,2005,1,PF,68,32.7,10.9,0.603,0.616,0.361,0.674,16.6,4.53,0.629,0.612,0.048,0.429,9.4,9.4
Marvin Williams,UNC,2005,2,PF,36,22.2,6.9,0.506,0.522,0.432,0.847,11.3,10.66,0.627,0.545,0.178,0.66,2.6,8.5
Deron Williams,Illinois,2005,3,PG,101,31.7,9.4,0.422,0.464,0.374,0.685,11,7.44,0.529,0.508,0.46,0.228,4.4,10.8
Chris Paul,Wake Forest,2005,4,PG,63,33.5,9.3,0.472,0.473,0.47,0.838,15,10.65,0.622,0.545,0.311,0.62,6.3,16.1
Raymond Felton,UNC,2005,5,PG,101,33.9,9.7,0.423,0.467,0.375,0.731,12.5,11,0.55,0.512,0.474,0.361,5.6,11.9
Charlie Villanueva,UConn,2005,6,PF,63,22.3,8.3,0.518,0.534,0.393,0.681,11.2,7.7,0.568,0.541,0.116,0.389,3.5,13
Channing Frye,Arizona,2005,7,C,133,27.7,9.5,0.562,0.568,0.261,0.759,13.5,9.02,0.601,0.565,0.018,0.387,10.3,12.3
Ike Diogu,Arizona State,2005,8,PF,91,35.1,11.9,0.571,0.591,0.387,0.786,21.4,6.66,0.655,0.59,0.098,0.791,15,7
Sean May,UNC,2005,9,PF,77,27.8,11.2,0.513,0.519,0,0.717,15.8,11,0.562,0.513,0.013,0.532,5.2,8.2
Rashad McCants,UNC,2005,10,SG,98,29.2,12.9,0.486,0.538,0.415,0.721,17.6,11,0.597,0.574,0.422,0.298,9.9,7.9
Antoine Wright,Texas A&M,2005,11,SG,87,32.1,13,0.412,0.439,0.376,0.648,15.4,5.15,0.516,0.492,0.425,0.303,3.8,1.8
Joey Graham,Oklahoma State,2005,12,SF,128,26.1,8.8,0.527,0.557,0.378,0.809,13,1.32,0.609,0.559,0.166,0.439,11,6.7
Danny Granger,New Mexico,2005,13,SF,95,28.4,11.2,0.496,0.529,0.366,0.753,16.7,1.8,0.587,0.533,0.2,0.561,9.6,7.5
Hakim Warrick,Syracuse,2005,14,PF,135,31,10.6,0.536,0.544,0.25,0.659,15.4,7.34,0.572,0.539,0.028,0.561,10.8,4.1
Julius Hodge,NC State,2005,15,SG,129,33,10.9,0.473,0.52,0.329,0.76,15.8,8.87,0.573,0.513,0.247,0.557,11.3,0.9
Nate Robinson,Washington,2005,16,PG,89,28.2,11,0.457,0.523,0.348,0.793,14.4,7.12,0.566,0.523,0.374,0.342,5.9,9.3
Jarrett Jack,Georgia Tech,2005,17,SG,101,32.3,8.4,0.478,0.53,0.359,0.796,12.5,9.64,0.594,0.532,0.305,0.532,8.1,6.7
Francisco Garcia,Louisville,2005,18,SF,98,28.1,10.5,0.448,0.519,0.369,0.849,14.4,6.66,0.587,0.535,0.473,0.353,8.4,5.6
Luther Head,Illinois,2005,19,SG,128,25.4,7.5,0.473,0.594,0.382,0.752,10.1,8.06,0.605,0.582,0.572,0.253,8.8,8.8
Jason Maxiell,Cincinnati,2005,20,PF,129,27.6,8.6,0.507,0.509,0.286,0.653,12.1,6.76,0.548,0.508,0.006,0.608,6.7,2.3
Linas Kleiza,Missouri,2005,21,PF,49,28.7,11.3,0.413,0.453,0.287,0.707,14.4,9.14,0.508,0.448,0.245,0.535,1.8,3.5
Wayne Simien,Kansas,2005,22,PF,106,26.6,9.9,0.558,0.566,0.24,0.784,15,10.04,0.612,0.561,0.024,0.508,10.4,3.4
David Lee,Florida,2005,23,SF,127,25,7.4,0.581,0.584,0,0.681,11.3,8.11,0.609,0.581,0.006,0.55,9.6,5.1
LaMarcus Aldridge,Texas,2005,24,C,53,30.2,8.9,0.586,0.586,0,0.649,13.5,7.28,0.605,0.586,0,0.527,4.7,9
Adam Morrison,Gonzaga,2005,25,PF,95,30.6,14,0.503,0.551,0.368,0.761,19.7,4.24,0.591,0.552,0.262,0.397,10.5,11.8
Tyrus Thomas,LSU,2005,26,PF,32,25.9,7.8,0.608,0.606,1,0.657,12.3,8.77,0.627,0.61,0.004,0.548,2.9,5.2
Shelden Williams,Duke,2005,27,PF,139,28.1,8.6,0.572,0.574,0.333,0.694,13.9,9.51,0.611,0.573,0.01,0.659,12.4,5.5
Brandon Roy,Washington,2005,28,SG,103,27.5,10.1,0.512,0.541,0.344,0.765,14.3,6.83,0.585,0.537,0.148,0.45,7.8,16.8
Randy Foye,Villanova,2005,29,PG,131,31.3,13.1,0.399,0.441,0.329,0.781,15,8.37,0.505,0.461,0.378,0.291,4.7,10.1
Rudy Gay,UConn,2005,30,SF,64,29.8,10.8,0.461,0.483,0.378,0.721,13.6,7.1,0.538,0.501,0.214,0.353,3.2,10.8
Patrick O'Bryant,Bradley,2005,31,C,52,24.3,8.4,0.554,0.554,0,0.687,11.6,4.97,0.582,0.554,0,0.411,3.4,1.9
J.J. Redick,Duke,2005,32,PG,139,34,13.7,0.433,0.472,0.406,0.912,19.9,9.51,0.615,0.553,0.591,0.381,18.4,6
Hilton Armstrong,UConn,2005,33,C,131,15.1,3.1,0.563,0.565,0.333,0.578,4.7,7.4,0.575,0.565,0.007,0.682,3.1,3.1
Ronnie Brewer,Arkansas,2005,34,SG,90,33,11.9,0.462,0.511,0.34,0.671,15.7,5.35,0.546,0.511,0.287,0.455,6.2,4.6
Cedric Simmons,NC State,2005,35,PF,63,18.9,4.8,0.565,0.566,0.5,0.652,7.7,7.4,0.599,0.568,0.013,0.734,3,2.9
Rodney Carney,Memphis,2005,36,SF,133,27.6,11.9,0.415,0.468,0.362,0.717,14.3,5.22,0.533,0.506,0.499,0.26,6.8,6.6
Shawne Williams,Memphis,2005,37,SG,36,27.8,10.4,0.416,0.489,0.312,0.786,13.2,4.24,0.534,0.48,0.411,0.387,1.7,3.9
Quincy Douby,Rutgers,2005,38,PG,95,32.1,14.1,0.432,0.473,0.389,0.82,17.8,6.93,0.562,0.526,0.481,0.251,8.7,2.8
Renaldo Balkman,South Carolina,2005,39,SF,104,21.1,5.5,0.553,0.581,0.291,0.533,7.4,7.11,0.566,0.567,0.096,0.396,4.3,4.9
Rajon Rondo,Kentucky,2005,40,PG,68,28.1,7.4,0.493,0.544,0.283,0.577,9.6,8.49,0.536,0.521,0.196,0.44,2.7,6.4
Marcus Williams,UConn,2005,41,PG,70,27.9,7.2,0.402,0.413,0.375,0.791,9,7.32,0.518,0.455,0.285,0.418,2.2,6.8
Josh Boone,UConn,2005,42,PF,103,25.9,6.4,0.578,0.578,0,0.559,9.3,7.32,0.58,0.578,0,0.528,5.1,4.2
Kyle Lowry,Villanova,2005,43,PG,57,26.7,7.1,0.449,0.463,0.325,0.737,9.5,8.83,0.531,0.465,0.099,0.566,2.1,5.6
Shannon Brown,Michigan State,2005,44,SG,97,28,9.4,0.457,0.503,0.364,0.831,12.2,7.69,0.565,0.518,0.332,0.319,5.9,3.2
Jordan Farmar,UCLA,2005,45,PG,66,32.2,10.8,0.41,0.463,0.333,0.76,13.3,7.68,0.526,0.478,0.409,0.369,3.3,4.4
Maurice Ager,Michigan State,2005,46,SG,124,25.6,9.6,0.441,0.492,0.38,0.775,12.5,8.19,0.566,0.527,0.449,0.333,7.8,2.2
Mardy Collins,Temple,2005,47,SF,125,37.5,14.4,0.399,0.457,0.292,0.624,15.4,5.33,0.473,0.45,0.347,0.268,1.4,4.5
Greg Oden,Ohio State,2007,1,C,32,28.9,9.6,0.616,0.616,0,0.628,15.7,9.03,0.626,0.616,0,0.638,3.6,8.9
Kevin Durant,Texas,2007,2,SG,35,35.9,18.5,0.473,0.505,0.404,0.816,25.8,6.12,0.587,0.536,0.314,0.396,4.7,20.3
Al Horford,Florida,2007,3,C,109,25.7,6.6,0.586,0.589,0,0.619,10.3,6.65,0.601,0.586,0.006,0.613,7,10.1
Mike Conley,Ohio State,2007,4,PG,39,31.6,7.9,0.518,0.579,0.304,0.694,11.3,9.03,0.584,0.552,0.223,0.466,2.7,9.4
Jeff Green,Georgetown,2007,5,SF,102,33.2,9.7,0.488,0.531,0.359,0.7,13.1,7.65,0.565,0.533,0.249,0.402,7.5,10.5
Corey Brewer,Florida,2007,6,SF,108,27.2,8.2,0.48,0.536,0.356,0.708,11.3,6.65,0.571,0.535,0.312,0.431,6.4,5.8
Brandan Wright,UNC,2007,7,PF,37,27.4,9.5,0.646,0.646,0,0.567,14.7,9.3,0.637,0.646,0,0.445,3.7,4
Joakim Noah,Florida,2007,8,C,108,21.1,6.2,0.616,0.617,0.5,0.684,10.5,6.65,0.642,0.617,0.003,0.679,8.7,6.6
Spencer Hawes,Washington,2007,9,C,31,28.9,11.7,0.532,0.533,0.333,0.755,14.9,6.5,0.563,0.533,0.008,0.27,2,4.7
Acie Law,Texas A&M,2007,10,PG,122,30.8,10.6,0.466,0.502,0.357,0.76,13.7,4.53,0.551,0.51,0.246,0.35,7.9,4.2
Thaddeus Young,Georgia Tech,2007,11,PF,31,29.6,11.9,0.478,0.498,0.419,0.743,14.4,9.36,0.552,0.531,0.251,0.189,1.8,8.2
Julian Wright,Kansas,2007,12,SF,71,24.1,8,0.555,0.565,0.188,0.591,10.4,7.23,0.566,0.557,0.028,0.32,3.7,3.9
Al Thornton,Florida State,2007,13,PF,124,22,8.3,0.528,0.543,0.438,0.701,12.3,7.69,0.593,0.559,0.139,0.505,8.9,12.7
Rodney Stuckey,Eastern Washington,2007,14,PG,59,33.1,17.1,0.472,0.54,0.317,0.806,24.4,-1.48,0.581,0.52,0.306,0.474,7.2,7.6
Nick Young,USC,2007,15,SG,96,31.1,11.9,0.484,0.518,0.368,0.764,15.5,6.92,0.563,0.525,0.226,0.326,7.3,7.5
Sean Williams,Boston College,2007,16,C,69,20.5,3.5,0.577,0.577,0,0.605,5.5,7.24,0.592,0.577,0,0.699,2.2,5.6
Javaris Crittenton,Georgia Tech,2007,17,SG,32,31.3,11,0.45,0.488,0.356,0.783,14.4,9.36,0.552,0.501,0.288,0.393,2,5.6
Jason Smith,Colorado State,2007,18,PF,87,27.9,9.6,0.548,0.556,0.308,0.751,14.7,3.95,0.604,0.553,0.031,0.578,8.1,4.5
Daequan Cook,Ohio State,2007,19,SG,39,19.7,8.1,0.445,0.465,0.415,0.697,9.8,9.03,0.548,0.53,0.41,0.208,1.6,8.8
Jared Dudley,Boston College,2007,20,PF,130,36.4,10.5,0.504,0.548,0.365,0.731,15.9,7.22,0.595,0.548,0.24,0.573,12.9,5.8
Wilson Chandler,DePaul,2007,21,SF,59,31.1,11.4,0.445,0.487,0.303,0.659,12.9,8.64,0.504,0.48,0.231,0.262,1.6,7.3
Morris Almond,Rice,2007,22,SG,121,27.1,10.5,0.492,0.514,0.435,0.824,15.1,2.25,0.602,0.552,0.276,0.398,11.6,1.4
Aaron Brooks,Oregon,2007,23,PG,115,32.7,10.1,0.43,0.479,0.374,0.834,13.1,6.68,0.565,0.518,0.471,0.315,7.7,5.2
Arron Afflalo,UCLA,2007,24,SG,104,32.7,10.9,0.457,0.539,0.373,0.781,14.8,8.4,0.586,0.549,0.493,0.33,9.7,3.7
Alando Tucker,Wisconsin,2007,25,SF,134,32.1,12.4,0.48,0.522,0.307,0.636,16.5,7.56,0.54,0.51,0.198,0.491,9.3,3.7
Derrick Rose,Memphis,2008,1,PG,40,29.2,10.9,0.477,0.521,0.337,0.712,14.9,5.76,0.56,0.517,0.239,0.47,2.8,16.8
Michael Beasley,Kansas State,2008,2,PF,33,31.5,17.5,0.532,0.562,0.379,0.774,26.2,7.79,0.61,0.563,0.165,0.484,5.4,13.9
O.J. Mayo,USC,2008,3,SG,33,36.8,16.2,0.442,0.464,0.409,0.803,20.7,8.59,0.562,0.524,0.401,0.284,3.4,18.5
Russell Westbrook,UCLA,2008,4,PG,75,21.9,6.6,0.464,0.491,0.354,0.685,8.3,8.77,0.532,0.499,0.2,0.365,2.3,15.3
Kevin Love,UCLA,2008,5,C,39,29.6,10.4,0.559,0.611,0.354,0.767,17.5,7.71,0.644,0.595,0.202,0.635,5.6,11.1
Eric Gordon,Indiana,2008,6,SG,32,34.7,13.3,0.433,0.525,0.337,0.834,20.9,6.08,0.601,0.515,0.489,0.652,4.2,16.1
Joe Alexander,West Virginia,2008,7,SF,82,25.3,10,0.447,0.488,0.295,0.765,12.1,7.04,0.522,0.478,0.211,0.326,2.9,4.7
D.J. Augustin,Texas,2008,8,PG,73,36.5,12.2,0.443,0.463,0.402,0.808,16.9,7.35,0.569,0.51,0.331,0.447,6.2,11.8
Brook Lopez,Stanford,2008,9,C,53,28,12.7,0.48,0.491,0.143,0.764,16,8,0.532,0.482,0.031,0.384,2.9,13
Jerryd Bayless,Arizona,2008,10,PG,30,35.7,12.6,0.458,0.489,0.407,0.839,19.7,10.22,0.612,0.536,0.384,0.59,4,4.3
Jason Thompson,Rider,2008,11,PF,122,32.1,11.8,0.526,0.544,0.291,0.667,16.7,-3.38,0.569,0.536,0.071,0.511,9.8,11.1
Brandon Rush,Kansas,2008,12,SG,109,31.3,10.9,0.449,0.458,0.435,0.733,13.6,7.56,0.558,0.535,0.395,0.229,6.8,8.1
Anthony Randolph,LSU,2008,13,PF,31,32.8,12.7,0.464,0.483,0.105,0.693,15.6,5.66,0.511,0.467,0.048,0.421,1.1,7.9
Robin Lopez,Stanford,2008,14,C,67,24.3,6.9,0.511,0.511,0.5,0.612,9,8,0.535,0.512,0.004,0.452,2.2,3.2
Marreese Speights,Florida,2008,15,C,69,15.4,6.2,0.633,0.633,0,0.688,9.5,6.16,0.647,0.633,0,0.371,4.9,7.7
Roy Hibbert,Georgetown,2008,16,C,136,23.3,7,0.603,0.602,1,0.68,10.9,7.54,0.626,0.605,0.003,0.506,11.7,7.1
Javale McGee,Nevada,2008,17,C,66,18.7,6.5,0.542,0.563,0.356,0.514,8.7,0.49,0.557,0.56,0.104,0.405,2.4,6.5
J.J. Hickson,NC State,2008,18,C,31,28.7,8.9,0.591,0.593,0,0.677,14.8,9.06,0.621,0.591,0.004,0.707,3.2,4
Ryan Anderson,California,2008,19,PF,66,33,13.1,0.484,0.532,0.396,0.841,18.7,8.56,0.605,0.554,0.356,0.379,7.5,7.4
Courtney Lee,Western Kentucky,2008,20,SG,127,31.2,13.6,0.464,0.498,0.401,0.817,17.6,-1.08,0.572,0.535,0.353,0.275,11.1,8.4
Kosta Koufos,Ohio State,2008,21,C,37,27.1,11.8,0.508,0.535,0.349,0.68,14.4,7.97,0.551,0.533,0.144,0.229,2.3,4.7
George Hill,IUPUI,2008,22,PG,95,33.3,10.7,0.529,0.565,0.404,0.785,17,-3.26,0.628,0.574,0.22,0.575,12,5.7
Darrell Arthur,Kansas,2008,23,PF,78,21.9,8.7,0.541,0.552,0.118,0.676,11.3,7.53,0.564,0.543,0.025,0.312,4.1,5.6
Donte Greene,Syracuse,2008,24,SF,35,35.8,14.9,0.418,0.492,0.345,0.707,17.7,7.96,0.531,0.505,0.501,0.255,1.9,3.8
D.J. White,Indiana,2008,25,PF,99,30.6,9.8,0.562,0.563,0.333,0.69,14.6,7.95,0.595,0.563,0.003,0.52,9.1,8.9
J.R. Giddens,New Mexico,2008,26,SF,122,29,10.9,0.464,0.551,0.35,0.602,13.3,6.22,0.549,0.54,0.435,0.232,6.8,0.7
Blake Griffin,Oklahoma,2009,1,PF,68,30.9,11.5,0.618,0.622,0.3,0.589,18.8,7.37,0.62,0.62,0.013,0.665,8.9,22.5
Hasheem Thabeet,UConn,2009,2,C,100,29.3,5.9,0.611,0.611,0,0.625,10.3,7.14,0.624,0.611,0,0.844,7.2,3.1
James Harden,Arizona State,2009,3,SG,69,35,11.9,0.506,0.57,0.376,0.755,19,7.05,0.618,0.568,0.329,0.6,10,9.9
Tyreke Evans,Memphis,2009,4,SG,37,29,13.6,0.455,0.514,0.274,0.711,17.1,4.63,0.529,0.489,0.246,0.384,2.4,20.1
Jonny Flynn,Syracuse,2009,5,PG,73,36.5,12.2,0.46,0.525,0.333,0.782,16.6,8.72,0.567,0.516,0.34,0.416,5.9,13.5
Stephen Curry,Davidson,2009,6,PG,104,32.6,17.9,0.467,0.53,0.412,0.876,25.3,-1.31,0.62,0.578,0.538,0.293,18,17.5
Jordan Hill,Arizona,2009,7,PF,97,27,8.8,0.578,0.578,0,0.636,12.5,9.93,0.593,0.578,0,0.405,7.1,5.2
DeMar DeRozan,USC,2009,8,SG,35,33.4,10.5,0.523,0.562,0.167,0.646,13.9,9.15,0.555,0.531,0.098,0.401,2.4,8.6
Terrence Williams,Louisville,2009,9,SF,140,32.2,10.3,0.4,0.457,0.32,0.589,11.2,7.65,0.484,0.467,0.422,0.254,1.9,8.4
Gerald Henderson,Duke,2009,10,SG,103,25.3,9.7,0.458,0.493,0.329,0.706,12.3,9.61,0.533,0.493,0.211,0.4,4.3,2.6
Tyler Hansbrough,UNC,2009,11,PF,142,30.9,12.3,0.536,0.541,0.316,0.791,20.2,8.39,0.613,0.539,0.022,0.708,17.2,8.5
Earl Clark,Louisville,2009,12,PF,104,26.7,8.6,0.467,0.512,0.298,0.64,10.6,8.03,0.524,0.498,0.21,0.366,3.6,2.7
Austin Daye,Gonzaga,2009,13,SF,67,22.5,8.6,0.477,0.495,0.422,0.79,11.6,2.85,0.575,0.53,0.255,0.364,4.1,5.1
James Johnson,Wake Forest,2009,14,PF,61,29.9,11.2,0.515,0.587,0.296,0.693,14.8,8.09,0.575,0.551,0.248,0.32,4.6,3.9
Jrue Holiday,UCLA,2009,15,PG,35,27.1,7.1,0.45,0.528,0.307,0.726,8.5,7.18,0.532,0.504,0.353,0.249,1.2,8
Ty Lawson,UNC,2009,16,PG,105,27,8.5,0.517,0.568,0.403,0.78,13.1,8.59,0.624,0.579,0.31,0.482,9,8.3
Jeff Teague,Wake Forest,2009,17,PG,61,30.9,11.2,0.462,0.477,0.421,0.812,16.4,8.09,0.586,0.518,0.268,0.529,5.6,3.2
Eric Maynor,VCU,2009,18,PG,130,30.7,11.2,0.449,0.477,0.37,0.791,15,-0.76,0.555,0.498,0.264,0.437,9.8,4.7
Darren Collison,UCLA,2009,19,PG,142,29.2,8.3,0.475,0.494,0.435,0.851,11.5,8.25,0.594,0.544,0.318,0.346,11,12.4
Byron Mullens,Ohio State,2009,20,PF,33,20.3,5.7,0.638,0.642,0,0.559,8.8,8.23,0.629,0.638,0.005,0.495,2.3,1.1
Taj Gibson,USC,2009,21,PF,105,32.7,8.2,0.58,0.58,0,0.629,12.4,8.54,0.597,0.58,0,0.557,8.4,9
DeMarre Carroll,Missouri,2009,22,SF,134,24.5,8.4,0.535,0.559,0.281,0.603,11.2,7.11,0.562,0.547,0.086,0.416,7,2.9
Wayne Ellington,UNC,2009,23,SG,115,28.5,11.6,0.463,0.513,0.397,0.809,14.7,8.59,0.577,0.549,0.434,0.216,8,6.6
Toney Douglas,Florida State,2009,24,PG,130,34.2,12.9,0.442,0.483,0.376,0.802,16.8,7.61,0.56,0.513,0.382,0.344,10.6,8.6
John Wall,Kentucky,2010,1,PG,37,34.8,11.8,0.461,0.509,0.325,0.754,16.6,6.82,0.562,0.503,0.26,0.53,3.7,16.4
Evan Turner,Ohio State,2010,2,SG,101,32.8,10.6,0.502,0.525,0.362,0.758,15,7.86,0.577,0.527,0.139,0.473,9.3,7.2
Derrick Favors,Georgia Tech,2010,3,PF,36,27.5,8.1,0.611,0.613,0,0.629,12.4,9.02,0.621,0.611,0.003,0.488,2.3,6.8
Wesley Johnson,Syracuse,2010,4,SG,93,31.6,10.9,0.454,0.516,0.349,0.768,13.9,6.79,0.555,0.518,0.367,0.306,5.9,9
DeMarcus Cousins,Kentucky,2010,5,C,38,23.5,9.7,0.558,0.565,0.167,0.604,15.1,6.82,0.579,0.56,0.016,0.726,3.8,14.1
Ekpe Udoh,Baylor,2010,6,C,103,27.2,7,0.472,0.485,0.289,0.649,8.4,7.6,0.511,0.481,0.062,0.357,3.7,4.1
Greg Monroe,Georgetown,2010,7,C,65,32.6,9.8,0.543,0.558,0.273,0.677,14.5,9.26,0.585,0.55,0.052,0.565,6,9.4
Al-Farouq Aminu,Wake Forest,2010,8,SF,62,30.1,10.6,0.476,0.522,0.238,0.687,14.4,8.1,0.541,0.495,0.16,0.534,3.9,5.6
Gordon Hayward,Butler,2010,9,SF,69,33.1,9.2,0.47,0.569,0.369,0.824,14.4,3.57,0.624,0.562,0.495,0.536,7.9,5.4
Paul George,Fresno State,2010,10,SG,63,33.9,11.4,0.447,0.485,0.396,0.803,15.5,1.13,0.579,0.532,0.43,0.369,5.3,7.8
Cole Aldrich,Kansas,2010,11,C,111,21,6.1,0.574,0.574,0,0.729,9.4,8.12,0.612,0.574,0,0.515,7.4,1
Xavier Henry,Kansas,2010,12,SG,36,27.5,9.8,0.458,0.492,0.418,0.783,13.4,8.25,0.591,0.555,0.466,0.325,2.8,4.3
Ed Davis,UNC,2010,13,PF,61,22.2,6.3,0.548,0.548,0,0.623,9.2,9.09,0.572,0.548,0,0.595,2.6,7.7
Patrick Patterson,Kentucky,2010,14,PF,97,34,10.9,0.585,0.604,0.329,0.734,16.1,6.24,0.625,0.597,0.069,0.396,12,6.3
Larry Sanders,VCU,2010,15,C,101,23.5,7.9,0.52,0.526,0.25,0.577,10.3,-0.69,0.538,0.523,0.02,0.456,4.7,4.3
Luke Babbitt,Nevada,2010,16,SF,68,34.9,13.6,0.48,0.494,0.421,0.893,19.4,1.98,0.591,0.52,0.192,0.424,8.4,1.5
Eric Bledsoe,Kentucky,2010,17,PG,37,30.3,8.4,0.462,0.516,0.383,0.667,11.3,6.82,0.566,0.54,0.41,0.394,1.5,6.7
Avery Bradley,Texas,2010,18,PG,34,29.5,10.8,0.432,0.457,0.375,0.545,11.6,7.38,0.496,0.489,0.304,0.179,1.6,1.7
James Anderson,Oklahoma State,2010,19,SF,101,32.8,12.6,0.46,0.536,0.375,0.797,17.9,7.36,0.596,0.549,0.473,0.416,11.6,3.6
Craig Brackins,Iowa State,2010,20,PF,96,31.8,13.4,0.445,0.48,0.292,0.726,16,7.34,0.514,0.472,0.184,0.349,5.5,2.7
Elliot Williams,Memphis,2010,21,SG,68,24.9,7.6,0.454,0.524,0.345,0.719,11.1,6.36,0.573,0.521,0.388,0.586,4.3,3.7
Trevor Booker,Clemson,2010,22,PF,134,28.4,9.2,0.559,0.574,0.324,0.624,12.9,7.85,0.584,0.569,0.058,0.428,10.5,5.3
Damion James,Texas,2010,23,SF,142,29.3,10.4,0.479,0.506,0.364,0.64,13.5,7.54,0.541,0.514,0.192,0.428,7.8,4.4
Dominique Jones,South Florida,2010,24,SG,95,36.5,14.1,0.442,0.512,0.323,0.737,18.9,7.32,0.551,0.502,0.37,0.459,9.1,2.3
Quincy Pondexter,Washington,2010,25,SF,136,27.3,9.5,0.503,0.528,0.327,0.768,13.1,7.55,0.572,0.524,0.127,0.429,9.7,2.8
Jordan Crawford,Xavier,2010,26,SG,65,29.3,12.4,0.455,0.494,0.384,0.765,15.5,6.01,0.555,0.523,0.352,0.269,5.1,11.7
Greivis Vasquez,Maryland,2010,27,SG,136,33.6,13,0.425,0.487,0.329,0.828,16,7.95,0.537,0.49,0.395,0.3,9.5,3.6
Daniel Orton,Kentucky,2010,28,PF,38,13.2,2.4,0.527,0.539,0,0.524,3.4,6.82,0.533,0.527,0.022,0.692,0.3,2.8
Lazar Hayward,Marquette,2010,29,SF,138,26.4,10.7,0.452,0.497,0.357,0.789,13.5,7.79,0.55,0.509,0.32,0.306,8.7,3.8
Kyrie Irving,Duke,2011,1,PG,11,27.5,9.5,0.529,0.569,0.462,0.901,17.5,8.31,0.697,0.615,0.375,0.683,1.8,18.5
Derrick Williams,Arizona,2011,2,PF,69,29.2,9.6,0.586,0.598,0.511,0.719,17.8,8.04,0.66,0.621,0.136,0.85,9.2,8.8
Tristan Thompson,Texas,2011,3,PF,36,30.7,8.8,0.546,0.546,0,0.487,13.1,7.96,0.536,0.546,0,0.829,2.8,8.2
Brandon Knight,Kentucky,2011,4,PG,38,35.9,13.5,0.423,0.461,0.377,0.795,17.3,8.91,0.553,0.508,0.45,0.333,3.6,12.8
Kemba Walker,UConn,2011,5,PG,111,32.9,12.2,0.428,0.469,0.326,0.783,16.1,9.39,0.539,0.475,0.287,0.474,11.5,12.1
Jimmer Fredette,BYU,2011,6,PG,139,29.6,13.3,0.455,0.497,0.394,0.882,18.7,3.56,0.596,0.535,0.408,0.386,16.8,7.6
Klay Thompson,Washington State,2011,7,SG,98,34.4,14.4,0.424,0.45,0.39,0.827,17.9,6.32,0.55,0.509,0.438,0.27,7.9,12.5
Alec Burks,Colorado,2011,8,SG,68,30.9,12.6,0.495,0.533,0.313,0.804,19,6.65,0.592,0.522,0.175,0.579,9.2,7.2
Markieff Morris,Kansas,2011,9,PF,109,19.3,5.7,0.553,0.579,0.404,0.653,8.5,7.92,0.603,0.583,0.152,0.504,5.5,7.4
Marcus Morris,Kansas,2011,10,PF,109,24,8.4,0.555,0.585,0.358,0.66,12.6,7.92,0.601,0.579,0.134,0.514,9.4,2.4
Kawhi Leonard,San Diego State,2011,11,SF,70,31.9,12,0.449,0.497,0.25,0.744,14.1,5.29,0.513,0.473,0.195,0.312,6.1,7.9
Nikola Vucevic,USC,2011,12,C,87,27.7,8.3,0.509,0.551,0.303,0.746,11.1,7.86,0.571,0.535,0.169,0.355,6.5,5.5
Iman Shumpert,Georgia Tech,2011,13,PG,92,31.3,10.6,0.396,0.45,0.305,0.738,12.7,7.34,0.503,0.453,0.373,0.39,4.1,9.5
Chris Singleton,Florida State,2011,14,SF,95,29.1,8.4,0.419,0.476,0.33,0.592,10.3,7.05,0.507,0.484,0.393,0.419,2.5,4.6
Tobias Harris,Tennessee,2011,15,SF,34,29.2,11.8,0.46,0.497,0.303,0.753,15.3,8.73,0.54,0.489,0.189,0.423,2.9,5
Nolan Smith,Duke,2011,16,PG,143,26.9,10.4,0.448,0.482,0.368,0.8,13.4,8.97,0.551,0.503,0.303,0.345,11.6,3.8
Kenneth Faried,Morehead State,2011,17,PF,136,29.1,10.1,0.569,0.572,0.25,0.583,14.8,-4.03,0.579,0.57,0.009,0.549,11.8,10.2
Reggie Jackson,Boston College,2011,18,PG,99,28,9.9,0.465,0.527,0.351,0.753,12.7,7.25,0.56,0.527,0.352,0.302,7.9,3.1
MarShon Brooks,Providence,2011,19,SG,113,25.3,11.2,0.464,0.543,0.333,0.739,14.4,7.44,0.559,0.526,0.375,0.318,8.4,12.6
Jordan Hamilton,Texas,2011,20,SF,70,26.2,12.2,0.43,0.475,0.377,0.71,14.5,7.67,0.538,0.516,0.461,0.218,5.5,4.4
JaJuan Johnson,Purdue,2011,21,PF,140,27.5,10.1,0.501,0.512,0.25,0.743,13.7,7.64,0.556,0.506,0.043,0.47,10.3,3.2
Norris Cole,Cleveland State,2011,22,PG,140,29.4,11.1,0.435,0.48,0.321,0.826,14.1,1.92,0.539,0.48,0.278,0.377,10.5,6.8
Cory Joseph,Texas,2011,23,PG,36,32.4,8.9,0.422,0.429,0.413,0.699,10.4,7.96,0.526,0.503,0.391,0.227,2.2,2
Jimmy Butler,Marquette,2011,24,SG,106,29.6,7.2,0.508,0.525,0.383,0.773,12,8.21,0.607,0.531,0.122,0.776,11.2,2.6
Anthony Davis,Kentucky,2012,1,PF,40,32,8.4,0.623,0.653,0.15,0.709,14.2,7.93,0.654,0.628,0.059,0.602,5.9,13.5
Michael Kidd-Gilchrist,Kentucky,2012,2,SF,40,31.1,8.2,0.491,0.535,0.255,0.745,11.9,7.93,0.57,0.511,0.156,0.589,3.4,9
Bradley Beal,Florida,2012,3,SG,37,34.2,10.6,0.445,0.541,0.339,0.769,14.8,7.33,0.575,0.525,0.473,0.44,3.6,13.9
Dion Waiters,Syracuse,2012,4,SG,71,20.4,7.7,0.453,0.513,0.348,0.753,9.7,8.4,0.551,0.516,0.362,0.303,4.4,14.7
Thomas Robinson,Kansas,2012,5,PF,105,18.7,7.2,0.525,0.525,0.5,0.606,9.8,8.6,0.55,0.529,0.019,0.502,5.1,4.8
Damian Lillard,Weber State,2012,6,PG,104,32.3,12.6,0.446,0.497,0.39,0.867,18.6,-2.21,0.606,0.54,0.481,0.458,14.2,19
Harrison Barnes,UNC,2012,7,SF,75,29.3,13.6,0.43,0.469,0.349,0.734,16.3,8.61,0.524,0.487,0.326,0.313,5.6,9.2
Terrence Ross,Washington,2012,8,SG,69,24.4,10.1,0.453,0.528,0.364,0.764,12.3,6.51,0.557,0.536,0.456,0.181,4.7,6.4
Andre Drummond,UConn,2012,9,C,34,28.4,8.6,0.538,0.541,0,0.295,10,8.07,0.509,0.538,0.007,0.301,1.4,7.9
Austin Rivers,Duke,2012,10,SG,34,33.2,11.8,0.433,0.477,0.365,0.658,15.5,8.4,0.538,0.505,0.396,0.458,2.4,6.2
Meyers Leonard,Illinois,2012,11,C,65,19.8,5.4,0.567,0.585,0.083,0.729,7.7,9.55,0.601,0.569,0.034,0.413,2.7,5.5
Jeremy Lamb,UConn,2012,12,SF,75,32.1,11,0.482,0.573,0.348,0.806,14.1,9.25,0.58,0.553,0.406,0.217,6.9,3.1
Kendall Marshall,UNC,2012,13,PG,73,28.8,5.6,0.446,0.484,0.366,0.693,7.2,8.61,0.541,0.505,0.323,0.401,3.7,3
John Henson,UNC,2012,14,PF,109,23.8,8.8,0.497,0.505,0.208,0.484,10.3,9.01,0.501,0.5,0.025,0.365,4.1,6
Maurice Harkless,St. John's (NY),2012,15,SF,32,36.1,13.3,0.452,0.506,0.215,0.676,15.5,6.98,0.504,0.472,0.185,0.326,1.8,8.2
Royce White,Iowa State,2012,16,PF,34,31.5,9.6,0.534,0.541,0.333,0.498,13.4,7.32,0.536,0.54,0.037,0.625,2.1,0
Tyler Zeller,UNC,2012,17,C,117,23,8.6,0.543,0.544,0,0.775,12.8,8.85,0.597,0.543,0.002,0.52,9.9,7.9
Terrence Jones,Kentucky,2012,18,PF,76,30.4,10.8,0.467,0.493,0.328,0.638,14,8.42,0.526,0.493,0.156,0.489,6.2,5.5
Andrew Nicholson,St. Bonaventure,2012,19,PF,123,29.9,11.4,0.575,0.586,0.377,0.72,17.1,1.35,0.616,0.585,0.055,0.45,12.7,7.8
Jared Sullinger,Ohio State,2012,20,PF,74,31,11.5,0.53,0.541,0.365,0.733,17.3,8.73,0.591,0.541,0.061,0.583,10.3,6
Fab Melo,Syracuse,2012,21,C,63,17.3,3.6,0.576,0.576,0,0.553,4.9,8.4,0.577,0.576,0,0.371,1.6,1.2
John Jenkins,Vanderbilt,2012,22,SG,98,30.6,11.2,0.468,0.521,0.438,0.856,16.9,7.59,0.648,0.607,0.634,0.339,12.5,6.1
Jared Cunningham,Oregon State,2012,23,SG,98,27.9,8.5,0.455,0.501,0.344,0.754,13,4.73,0.576,0.505,0.292,0.678,5.8,2
Tony Wroten,Washington,2012,24,SG,35,30.3,12.8,0.443,0.483,0.161,0.583,16,5.27,0.488,0.453,0.125,0.591,1.6,2.6
Miles Plumlee,Duke,2012,25,C,135,15.8,3.5,0.557,0.557,1,0.625,4.8,8.75,0.575,0.559,0.002,0.426,4.1,0.9
Arnett Moultrie,Mississippi State,2012,26,PF,100,30.2,8.6,0.511,0.539,0.289,0.676,11.4,3.34,0.557,0.527,0.112,0.397,5.4,3.7
Perry Jones,Baylor,2012,27,SF,63,32.2,10.5,0.522,0.539,0.279,0.678,13.7,6.41,0.558,0.531,0.065,0.363,5,2.3
Marquis Teague,Kentucky,2012,28,PG,40,32.6,8.8,0.412,0.438,0.325,0.714,10,7.93,0.491,0.449,0.227,0.338,1.7,2.1
Festus Ezeli,Vanderbilt,2012,29,C,121,17.9,4.9,0.562,0.562,0,0.584,7.7,6.64,0.577,0.562,0,0.799,4.4,2.4
Anthony Bennett,UNLV,2013,1,PF,35,27.1,10.8,0.533,0.587,0.375,0.701,16.1,5.71,0.609,0.58,0.253,0.467,3.5,4.2
Victor Oladipo,Indiana,2013,2,PG,104,24.6,7.3,0.538,0.585,0.338,0.716,10.7,7.94,0.604,0.57,0.188,0.476,7.8,13.8
Otto Porter,Georgetown,2013,3,SF,64,32.5,9.2,0.498,0.55,0.355,0.751,12.8,7.64,0.585,0.545,0.264,0.41,6.8,2.1
Cody Zeller,Indiana,2013,4,C,72,29,9.4,0.592,0.594,0,0.756,16.1,8.09,0.643,0.592,0.003,0.705,9.9,6
Alex Len,Maryland,2013,5,C,60,24.5,7,0.538,0.548,0.111,0.663,9.7,5.32,0.569,0.539,0.022,0.476,3.5,2
Nerlens Noel,Kentucky,2013,6,C,24,31.9,6.9,0.59,0.59,0,0.529,10.5,5.78,0.583,0.59,0,0.627,1.6,9.9
Ben McLemore,Kansas,2013,7,SG,37,32.2,10.8,0.495,0.553,0.42,0.87,15.9,7.54,0.633,0.586,0.435,0.345,4.2,8.8
Kentavious Caldwell-Pope,Georgia,2013,8,SG,64,33,12.7,0.415,0.504,0.339,0.752,15.8,7.02,0.543,0.507,0.539,0.307,5.8,5.9
Trey Burke,Michigan,2013,9,PG,73,35.7,13.3,0.45,0.499,0.367,0.777,16.9,9.51,0.556,0.519,0.374,0.3,9.7,12.8
C.J. McCollum,Lehigh,2013,10,SG,111,32.9,15.7,0.439,0.47,0.377,0.825,21.3,-5.41,0.563,0.501,0.33,0.423,13.9,5.3
Michael Carter-Williams,Syracuse,2013,11,PG,66,25.4,6.8,0.398,0.438,0.307,0.679,8.2,8.29,0.493,0.445,0.303,0.462,3.3,16.7
Steven Adams,Pitt,2013,12,C,32,23.4,5.5,0.571,0.571,0,0.443,7.2,5.63,0.555,0.571,0,0.4,1.6,3.3
Kelly Olynyk,Gonzaga,2013,13,C,101,17.2,5.6,0.594,0.634,0.333,0.709,8.9,4,0.641,0.616,0.132,0.501,6.7,8.7
Shabazz Muhammad,UCLA,2013,14,SG,32,30.8,14.3,0.443,0.463,0.377,0.711,17.9,7.82,0.528,0.487,0.232,0.395,2.9,3.9
Shane Larkin,Miami (FL),2013,15,PG,68,31.3,8.6,0.438,0.491,0.375,0.808,11.2,7.03,0.566,0.524,0.46,0.311,5.1,2.8
Tony Snell,New Mexico,2013,16,SG,104,24.8,7.1,0.421,0.48,0.38,0.821,9.2,4.95,0.571,0.533,0.588,0.272,5.1,4.5
Gorgui Dieng,Louisville,2013,17,C,102,27.3,6.1,0.545,0.546,0.333,0.64,8.3,8.78,0.568,0.546,0.005,0.439,5.4,4.8
Mason Plumlee,Duke,2013,18,C,141,25.9,6.5,0.574,0.578,0.2,0.583,9.8,8.87,0.584,0.575,0.011,0.622,8.3,7.4
Solomon Hill,Arizona,2013,19,SF,139,29,7.3,0.481,0.528,0.375,0.745,10.3,7.05,0.582,0.538,0.303,0.453,9,1.7
Tim Hardaway Jr.,Michigan,2013,20,SG,107,33.3,11.6,0.425,0.5,0.343,0.724,14.3,9.9,0.539,0.507,0.475,0.308,8,10.2
Reggie Bullock,UNC,2013,21,SF,100,24.6,8.2,0.439,0.517,0.387,0.72,9.9,8.41,0.568,0.555,0.596,0.145,6.8,2.7
Andre Roberson,Colorado,2013,22,SG,105,28.3,7.1,0.516,0.555,0.35,0.582,9.6,6.43,0.561,0.549,0.193,0.459,6.2,1.9
Archie Goodwin,Kentucky,2013,23,SG,33,31.8,10.8,0.44,0.478,0.266,0.637,14.1,5.78,0.509,0.464,0.179,0.594,1.6,3.7
Andrew Wiggins,Kansas,2014,1,SF,35,32.8,12.1,0.448,0.493,0.341,0.775,17.1,11.4,0.563,0.499,0.299,0.538,3.2,16.9
Jabari Parker,Duke,2014,2,PF,35,30.7,14.3,0.473,0.504,0.358,0.748,19.1,8.48,0.558,0.511,0.212,0.429,3.6,12.3
Joel Embiid,Kansas,2014,3,C,28,23.1,6.1,0.626,0.639,0.2,0.685,11.2,11.4,0.655,0.629,0.029,0.836,1.8,20.2
Aaron Gordon,Arizona,2014,4,PF,38,31.2,10.1,0.495,0.513,0.356,0.422,12.4,9.04,0.503,0.516,0.118,0.471,2.1,5.2
Marcus Smart,Oklahoma State,2014,5,PG,64,33.1,11.9,0.413,0.488,0.295,0.751,16.6,7.53,0.542,0.47,0.388,0.612,5.6,7.8
Julius Randle,Kentucky,2014,6,PF,40,30.8,9.8,0.501,0.517,0.167,0.706,15,9.89,0.567,0.505,0.046,0.739,3.5,2
Nik Stauskas,Michigan,2014,7,SG,75,32.9,9.2,0.467,0.5,0.441,0.832,14.1,9.85,0.638,0.591,0.564,0.421,8.5,4.4
Noah Vonleh,Indiana,2014,8,PF,30,26.5,7.2,0.523,0.53,0.485,0.716,11.3,6.64,0.604,0.56,0.153,0.62,1.6,3.3
Elfrid Payton,Louisiana,2014,9,PG,100,31.6,10.3,0.485,0.512,0.268,0.611,14.3,-1.6,0.533,0.5,0.109,0.625,6.1,8.9
Doug McDermott,Creighton,2014,10,SF,145,31.5,14.3,0.55,0.587,0.458,0.831,21.7,4.29,0.652,0.616,0.288,0.345,21.6,3
Zach LaVine,UCLA,2014,11,PG,37,24.4,7.8,0.441,0.494,0.375,0.691,9.4,7.62,0.545,0.524,0.444,0.236,1.4,10.1
T.J. Warren,NC State,2014,12,SF,70,31.2,13.6,0.555,0.598,0.315,0.654,18.5,7.31,0.593,0.579,0.15,0.313,8.1,6.1
Adreian Payne,Michigan State,2014,13,PF,138,20,6.2,0.526,0.551,0.409,0.755,8.9,10.35,0.601,0.562,0.175,0.432,7,6.7
James Young,Kentucky,2014,14,SG,40,32.4,11.3,0.407,0.47,0.349,0.706,14.3,9.89,0.536,0.498,0.522,0.393,3,3.4
Tyler Ennis,Syracuse,2014,15,PG,34,35.7,10.6,0.411,0.429,0.353,0.765,12.9,7.25,0.511,0.453,0.236,0.414,3.2,3.7
Gary Harris,Michigan State,2014,16,SG,69,31,11.4,0.44,0.503,0.376,0.788,14.9,9.96,0.571,0.533,0.495,0.306,6.2,3.4
Mitch McGary,Michigan,2014,17,PF,47,20.6,5.9,0.588,0.592,0,0.513,7.8,9.85,0.582,0.588,0.007,0.272,2.6,6.3
Jordan Adams,UCLA,2014,18,SG,69,30.2,11.6,0.467,0.548,0.331,0.839,16.4,7.72,0.589,0.529,0.371,0.429,7.4,3.1
Rodney Hood,Duke,2014,19,SG,67,32.8,10.4,0.455,0.499,0.396,0.773,13.3,6.67,0.569,0.539,0.426,0.252,5.8,8.7
Shabazz Napier,UConn,2014,20,PG,143,32.3,10.1,0.411,0.444,0.375,0.813,13.7,8.64,0.562,0.501,0.479,0.433,12.8,5.1
P.J. Hairston,UNC,2014,21,SG,71,18.1,8,0.388,0.458,0.349,0.8,10,7.54,0.544,0.5,0.642,0.309,4.3,5.6
C.J. Wilcox,Washington,2014,22,SG,131,28.5,11.3,0.433,0.481,0.389,0.84,14.4,6.67,0.571,0.535,0.523,0.241,11.7,2
Josh Huestis,Stanford,2014,23,PF,135,25,6.4,0.451,0.492,0.319,0.61,7.5,6.38,0.509,0.489,0.238,0.318,5.5,2.8
Kyle Anderson,UCLA,2014,24,SF,71,31.6,9.4,0.452,0.465,0.375,0.736,12.2,7.72,0.531,0.479,0.143,0.452,4.6,2.2
Karl-Anthony Towns,Kentucky,2015,1,C,39,21.1,6.6,0.566,0.577,0.25,0.813,10.3,8.67,0.627,0.57,0.031,0.523,3.5,18.3
D'Angelo Russell,Ohio State,2015,2,PG,35,33.9,14.7,0.449,0.479,0.411,0.756,19.3,7.37,0.573,0.541,0.449,0.303,4.4,13.2
Jahlil Okafor,Duke,2015,3,C,38,30.1,11.1,0.664,0.664,0,0.51,17.3,9.87,0.641,0.664,0,0.462,4.5,17.5
Willie Cauley-Stein,Kentucky,2015,4,C,105,24.5,5.6,0.593,0.593,0,0.508,8,8.12,0.582,0.593,0,0.509,5.7,7
Stanley Johnson,Arizona,2015,5,SF,38,28.4,10.3,0.446,0.478,0.371,0.742,13.8,7.41,0.551,0.501,0.297,0.456,2.8,8.1
Frank Kaminsky,Wisconsin,2015,6,C,144,20.4,7,0.522,0.58,0.369,0.763,10.1,9.61,0.609,0.573,0.275,0.384,12.8,7.5
Justise Winslow,Duke,2015,7,SF,39,29.1,9.1,0.486,0.516,0.418,0.641,12.6,9.87,0.572,0.551,0.309,0.438,3.1,6.4
Myles Turner,Texas,2015,8,C,34,22.2,7.6,0.455,0.513,0.274,0.839,10.1,9.07,0.556,0.488,0.241,0.436,1.9,10.3
Trey Lyles,Kentucky,2015,9,PF,36,23,6.7,0.488,0.536,0.138,0.735,8.7,8.67,0.543,0.496,0.121,0.425,2.1,6.1
Devin Booker,Kentucky,2015,10,SG,38,21.5,7.6,0.47,0.527,0.411,0.828,10,8.67,0.6,0.571,0.491,0.223,2.7,13.8
Cameron Payne,Murray State,2015,11,PG,69,32.4,14.6,0.432,0.487,0.359,0.781,18.5,-3.19,0.551,0.509,0.431,0.322,8,5
Kelly Oubre,Kansas,2015,12,SF,36,21,6.9,0.444,0.497,0.358,0.718,9.3,12.13,0.555,0.512,0.383,0.444,1.7,3.7
Terry Rozier,Louisville,2015,13,PG,73,26.8,10.3,0.408,0.447,0.331,0.772,12,6.89,0.507,0.463,0.337,0.303,4.5,1.8
Rashad Vaughn,UNLV,2015,14,SG,23,32.3,14.3,0.439,0.481,0.383,0.694,17.8,3.38,0.547,0.521,0.43,0.299,1.4,3.1
Sam Dekker,Wisconsin,2015,15,SF,113,27.9,9,0.493,0.591,0.348,0.695,12.1,10.07,0.585,0.563,0.403,0.317,10.6,0
Jerian Grant,Notre Dame,2015,16,PG,119,36.4,10.7,0.436,0.498,0.345,0.79,14.6,6.88,0.563,0.506,0.407,0.444,13.9,5.6
Delon Wright,Utah,2015,17,PG,68,34.8,9.3,0.535,0.594,0.299,0.814,15,6.82,0.629,0.565,0.2,0.593,9.5,3.8
Justin Anderson,Virginia,2015,18,SF,98,24.1,6.8,0.43,0.481,0.357,0.752,8.9,6.64,0.549,0.503,0.407,0.398,5.2,3.8
Bobby Portis,Arkansas,2015,19,PF,70,28.5,11.2,0.526,0.54,0.365,0.737,15,6.18,0.574,0.54,0.081,0.35,6.6,7
Rondae Hollis-Jefferson,Arizona,2015,20,SF,76,27,6.9,0.496,0.52,0.205,0.697,10.2,8.23,0.56,0.504,0.075,0.682,5.3,5.8
Tyus Jones,Duke,2015,21,PG,39,33.9,8.3,0.417,0.44,0.379,0.889,11.8,9.87,0.575,0.489,0.383,0.5,4.4,4.2
Jarell Martin,LSU,2015,22,PF,65,30.7,10.1,0.494,0.541,0.308,0.689,13.7,6.12,0.56,0.525,0.203,0.448,3.9,5.7
Larry Nance Jr.,Wyoming,2015,23,PF,123,29.5,8,0.521,0.551,0.308,0.771,11.3,2.08,0.587,0.54,0.12,0.438,8.4,5.5
R.J. Hunter,Georgia State,2015,24,SG,99,34.7,13.3,0.423,0.505,0.354,0.853,18.4,-2.33,0.579,0.519,0.541,0.397,12,2.7
Chris McCullough,Syracuse,2015,25,PF,16,28.1,7.1,0.478,0.473,1,0.563,9.3,7.68,0.508,0.482,0.009,0.628,0.3,4.7
Kevon Looney,UCLA,2015,26,PF,36,30.9,8.9,0.47,0.481,0.415,0.626,11.6,8.27,0.532,0.505,0.165,0.458,2.8,1.8
Ben Simmons,LSU,2016,1,PG,33,34.9,11.7,0.56,0.561,0.333,0.67,19.2,7,0.6,0.561,0.008,0.769,3.9,15.8
Brandon Ingram,Duke,2016,2,SF,36,34.6,13.4,0.442,0.464,0.41,0.682,17.3,10.59,0.552,0.525,0.403,0.351,3.4,9.2
Jaylen Brown,California,2016,3,SF,34,27.6,11.1,0.431,0.482,0.294,0.654,14.6,7.87,0.518,0.471,0.27,0.574,1,6.6
Kris Dunn,Providence,2016,4,PG,95,31.5,9.9,0.45,0.476,0.354,0.693,12.8,8.09,0.531,0.488,0.218,0.449,5,3.8
Buddy Hield,Oklahoma,2016,5,SG,132,31.7,13.2,0.448,0.508,0.39,0.836,17.4,9.28,0.584,0.548,0.511,0.257,12.2,10.1
Jamal Murray,Kentucky,2016,6,SG,36,35.2,14.9,0.454,0.502,0.408,0.783,20,8.84,0.59,0.559,0.515,0.283,4.4,9.5
Marquese Chriss,Washington,2016,7,PF,34,24.9,9.9,0.53,0.568,0.35,0.682,13.7,8.12,0.585,0.561,0.178,0.382,1.9,9.1
Jakob Poeltl,Utah,2016,8,C,70,26.9,7.7,0.658,0.659,0,0.605,13.3,8.1,0.653,0.658,0.002,0.669,7,2.9
Domantas Sabonis,Gonzaga,2016,9,PF,74,26.6,8.2,0.632,0.638,0.357,0.729,13.5,4.67,0.662,0.636,0.023,0.516,7.5,5.9
Taurean Waller-Prince,Baylor,2016,10,SF,129,20.2,7.9,0.46,0.504,0.376,0.718,10.2,9.08,0.557,0.524,0.34,0.349,6.2,5.3
Denzel Valentine,Michigan State,2016,11,SG,144,29,9.1,0.442,0.476,0.408,0.779,11.4,9.21,0.569,0.544,0.497,0.218,10.9,5.3
Wade Baldwin,Vanderbilt,2016,12,PG,68,29.6,8,0.431,0.436,0.422,0.8,11.6,7.45,0.578,0.508,0.366,0.552,5.3,2.9
Henry Ellenson,Marquette,2016,13,PF,33,33.5,13.2,0.446,0.495,0.288,0.749,17,5.57,0.534,0.48,0.239,0.439,2,1.4
Malik Beasley,Florida State,2016,14,SG,34,29.8,11.6,0.471,0.518,0.387,0.813,15.6,8.16,0.583,0.541,0.361,0.326,2.9,2.6
Caris LeVert,Michigan,2016,15,SF,103,26.4,8.2,0.434,0.456,0.401,0.77,10.4,9.3,0.552,0.514,0.396,0.314,6.3,7.7
DeAndre' Bembry,St. Joseph's,2016,16,SF,101,36.1,12.6,0.457,0.52,0.312,0.628,15.7,4.2,0.528,0.504,0.303,0.389,6.4,2.5
Malachi Richardson,Syracuse,2016,17,SG,37,34.4,11.1,0.369,0.388,0.353,0.72,13.4,9.75,0.51,0.465,0.544,0.381,1.5,3.6
Brice Johnson,UNC,2016,18,PF,148,21,8.6,0.577,0.577,0,0.715,11.9,9.72,0.601,0.577,0,0.328,10.4,1
Pascal Siakam,New Mexico State,2016,19,PF,68,32.7,11.8,0.551,0.559,0.176,0.711,16.6,-3.6,0.586,0.553,0.021,0.424,7.9,4.1
Skal Labissiere,Kentucky,2016,20,PF,36,15.8,5.3,0.516,0.521,0,0.661,6.6,8.84,0.54,0.516,0.011,0.326,0.9,7.8
Dejounte Murray,Washington,2016,21,PG,34,33.5,14.3,0.416,0.457,0.288,0.663,16.1,8.12,0.485,0.451,0.243,0.342,1.2,3.5
Damian Jones,Vanderbilt,2016,22,C,99,27.1,9.1,0.566,0.57,0.125,0.565,13.3,7.13,0.573,0.567,0.009,0.584,5.2,1.7
Markelle Fultz,Washington,2017,1,SG,25,35.7,17.6,0.476,0.502,0.413,0.649,23.2,6.82,0.558,0.535,0.287,0.383,3.3,7.1
Lonzo Ball,UCLA,2017,2,PG,36,35.1,9.5,0.551,0.732,0.412,0.673,14.6,6.39,0.673,0.668,0.566,0.286,4.8,10.2
Jayson Tatum,Duke,2017,3,SF,29,33.3,12.6,0.452,0.504,0.342,0.849,16.8,10.91,0.566,0.507,0.321,0.381,2.3,13.9
Josh Jackson,Kansas,2017,4,SF,35,30.8,12.3,0.513,0.549,0.378,0.566,16.3,12.23,0.559,0.552,0.21,0.403,2.7,13.1
De'Aaron Fox,Kentucky,2017,5,PG,36,29.6,12.4,0.479,0.521,0.246,0.736,16.7,10.49,0.549,0.498,0.154,0.474,3.1,11.6
Jonathan Isaac,Florida State,2017,6,PF,32,26.2,8,0.508,0.593,0.348,0.78,12,8.87,0.614,0.568,0.348,0.461,2.4,5.4
Lauri Markkanen,Arizona,2017,7,PF,37,30.8,10.2,0.492,0.545,0.423,0.835,15.6,7.63,0.635,0.584,0.434,0.436,4.8,15.2
Dennis Smith,NC State,2017,8,PG,32,34.8,13.1,0.455,0.509,0.359,0.715,18.1,8.09,0.563,0.52,0.364,0.476,3.1,15.2
Zach Collins,Gonzaga,2017,9,C,39,17.3,5.3,0.652,0.672,0.476,0.743,10,4.13,0.703,0.676,0.101,0.715,2.6,4.4
Malik Monk,Kentucky,2017,10,SG,38,32.1,14.7,0.45,0.497,0.397,0.822,19.8,10.49,0.586,0.543,0.47,0.323,3.9,6.7
Luke Kennard,Duke,2017,11,SG,73,31.2,11.2,0.461,0.526,0.383,0.867,15.7,10.75,0.6,0.548,0.455,0.349,8.4,7.6
Donovan Mitchell,Louisville,2017,12,SG,65,26,9.8,0.418,0.497,0.329,0.788,11.7,9.44,0.532,0.495,0.47,0.26,4.4,20.5
Bam Adebayo,Kentucky,2017,13,C,38,30.1,7.5,0.599,0.599,0,0.653,13,10.49,0.624,0.599,0,0.831,3.3,6.9
Justin Jackson,UNC,2017,14,SF,118,29.1,11.5,0.46,0.531,0.34,0.712,14,11.4,0.546,0.523,0.37,0.241,10,6.7
Justin Patton,Creighton,2017,15,C,35,25.3,8.5,0.676,0.683,0.533,0.517,12.9,8.95,0.671,0.689,0.051,0.294,2.5,2
D.J. Wilson,Michigan,2017,16,PF,69,19.4,5.3,0.525,0.619,0.363,0.817,7.1,9.23,0.614,0.592,0.369,0.194,3.4,1
T.J. Leaf,UCLA,2017,17,PF,35,29.9,10.9,0.617,0.644,0.466,0.679,16.3,6.39,0.66,0.652,0.152,0.278,4.2,2.9
John Collins,Wake Forest,2017,18,PF,64,20.7,8.2,0.601,0.602,0,0.729,13.4,10.16,0.638,0.601,0.002,0.599,5.7,10.5
Harry Giles,Duke,2017,19,PF,26,11.5,3,0.577,0.577,0,0.5,3.9,10.91,0.57,0.577,0,0.308,0.6,7
Jarrett Allen,Texas,2017,20,C,33,32.2,9.6,0.566,0.579,0,0.564,13.4,12.75,0.571,0.566,0.022,0.472,1.5,8.2
OG Anunoby,Indiana,2017,21,SF,50,17.4,4.8,0.563,0.652,0.365,0.522,6.8,7.53,0.609,0.62,0.311,0.378,2,5.9
Tyler Lydon,Syracuse,2017,22,PF,71,33.1,8.2,0.476,0.531,0.4,0.809,11.6,9.11,0.602,0.56,0.42,0.358,5.6,0
Caleb Swanigan,Purdue,2017,23,PF,69,29.2,10.2,0.501,0.537,0.376,0.76,14.4,8.12,0.586,0.543,0.223,0.432,4.4,2.3
Kyle Kuzma,Utah,2017,24,PF,96,21,7.7,0.506,0.567,0.302,0.633,10.1,6.84,0.56,0.541,0.23,0.367,4.7,16.1
Tony Bradley,UNC,2017,25,C,38,14.6,4.7,0.573,0.573,0,0.619,7.1,11.76,0.59,0.573,0,0.59,2.1,0.9
Derrick White,Colorado,2017,26,PG,34,32.8,11.9,0.507,0.569,0.396,0.813,18.1,6,0.627,0.578,0.356,0.45,4.5,3.2
Josh Hart,Villanova,2017,27,SG,146,28,9.1,0.511,0.592,0.389,0.72,13.2,8.51,0.614,0.589,0.401,0.377,14.4,7.9
DeAndre Ayton,Arizona,2018,1,C,35,33.5,12.9,0.612,0.635,0.343,0.733,20.1,6.84,0.65,0.625,0.078,0.424,5.5,16.3
Marvin Bagley,Duke,2018,2,PF,33,33.9,13.3,0.614,0.647,0.397,0.627,21,9.71,0.643,0.64,0.132,0.475,4.8,14.9
Jaren Jackson,Michigan State,2018,3,PF,35,21.8,6.6,0.513,0.596,0.396,0.797,10.9,7.1,0.647,0.595,0.414,0.573,2.3,13.8
Trae Young,Oklahoma,2018,4,PG,32,35.4,19.3,0.422,0.493,0.36,0.861,27.4,10.56,0.585,0.518,0.531,0.443,4.6,19.1
Mohamed Bamba,Texas,2018,5,C,30,30.2,9,0.541,0.603,0.275,0.681,12.9,10.67,0.593,0.567,0.189,0.441,2.4,6.2
Wendell Carter,Duke,2018,6,C,37,26.9,8.6,0.561,0.586,0.413,0.738,13.5,9.71,0.628,0.591,0.144,0.527,3.6,10.3
Collin Sexton,Alabama,2018,7,PG,33,29.9,13.3,0.447,0.495,0.336,0.778,19.2,10.64,0.567,0.498,0.299,0.575,3.2,16.7
Kevin Knox,Kentucky,2018,8,PF,37,32.4,11.9,0.445,0.509,0.341,0.774,15.6,10.73,0.556,0.51,0.38,0.373,2.3,12.8
Mikal Bridges,Villanova,2018,9,SF,116,27.3,7.5,0.525,0.645,0.4,0.845,11.3,9.74,0.656,0.623,0.49,0.304,10.5,8.3
Shai Gilgeous-Alexander,Kentucky,2018,10,PG,37,33.7,10.2,0.485,0.5,0.404,0.817,14.4,10.73,0.578,0.516,0.151,0.464,3.3,10.8
Miles Bridges,Michigan State,2018,11,SF,62,31.6,13.2,0.47,0.537,0.375,0.776,17,8.8,0.576,0.548,0.413,0.245,5.2,7.5
Jerome Robinson,Boston College,2018,12,SG,90,34.6,13.9,0.45,0.488,0.376,0.755,17.7,7.65,0.551,0.514,0.339,0.327,5.1,3.4
Troy Brown,Oregon,2018,14,SF,35,31.2,9.2,0.444,0.524,0.291,0.743,11.3,4.84,0.532,0.494,0.342,0.326,1.5,4.8
Zhaire Smith,Texas Tech,2018,15,SG,37,28.4,7.5,0.556,0.574,0.45,0.717,11.3,9.6,0.618,0.588,0.144,0.458,3.3,6.7
Donte DiVincenzo,Villanova,2018,16,SG,85,25.4,7.6,0.469,0.573,0.378,0.705,10.2,9.74,0.591,0.57,0.533,0.294,5.5,4.9
Lonnie Walker,Miami (FL),2018,17,SG,32,27.8,9.9,0.415,0.487,0.346,0.738,11.5,6.96,0.527,0.503,0.509,0.204,1.6,2.6
Kevin Huerter,Maryland,2018,18,SG,65,31.9,9,0.466,0.572,0.394,0.748,12,8.11,0.603,0.584,0.597,0.217,4.6,9.7
Josh Okogie,Georgia Tech,2018,19,SG,61,33,12.3,0.437,0.454,0.382,0.777,16.9,7.84,0.55,0.481,0.231,0.539,4.4,7.7
Grayson Allen,Duke,2018,20,SG,142,27.9,9.9,0.43,0.49,0.38,0.834,14.1,10.27,0.591,0.533,0.544,0.419,13.9,5.6
Chandler Hutchison,Boise State,2018,21,SF,123,24,8.9,0.476,0.508,0.353,0.687,12,2.57,0.551,0.512,0.204,0.468,6.5,5.2
Aaron Holiday,UCLA,2018,22,PG,101,31.8,10.5,0.45,0.469,0.422,0.795,14.3,7.65,0.58,0.535,0.404,0.37,6.7,5.9
Moritz Wagner,Michigan,2018,23,C,107,21,7.2,0.547,0.643,0.385,0.698,10.4,9.16,0.633,0.618,0.371,0.301,6.4,4.8
Landry Shamet,Wichita State,2018,24,SG,71,28.6,8.7,0.48,0.542,0.437,0.811,12.9,4.22,0.641,0.609,0.59,0.326,7.5,9.1
Robert Williams,Texas A&M,2018,25,C,61,25.7,8.1,0.591,0.624,0.067,0.541,11.1,9.29,0.59,0.593,0.06,0.343,3.5,2.5
Jacob Evans,Cincinnati,2018,26,SG,105,29.1,9.4,0.429,0.476,0.377,0.755,11.7,4.75,0.551,0.518,0.469,0.286,8.2,1.3
Omari Spellman,Villanova,2018,27,PF,40,28.1,8.4,0.476,0.511,0.433,0.7,10.9,10.24,0.588,0.573,0.446,0.208,2.9,5.9
