Player,School,Year,Pick,G,GS,MP,FG,FGA,FG%,2P,2PA,2P%,3P,3PA,3P%,FT,FTA,FT%,ORB,DRB,TRB,AST,STL,BLK,TOV,PF,PTS,SOS,PER,TS%,eFG%,3PAr,FTr,PProd,ORB%,DRB%,TRB%,AST%,STL%,BLK%,TOV%,USG%,OWS,DWS,WS,WS/40,OBPM,DBPM,BPM
Derrick Coleman,Syracuse,1990,1,143,139,32.8,5.4,9.5,0.568,5.3,9.1,0.58,0.1,0.4,0.291,4.1,6,0.684,,,10.7,2.3,1.3,2.2,2.3,3,15,8.71,,0.608,0.574,0.041,0.633,,,,,,,,15.4,,,,,,,,
Gary Payton,Oregon State,1990,2,120,89,37.7,6.9,14.3,0.485,5.4,10.2,0.53,1.5,4,0.369,2.8,4.1,0.684,,,4,7.8,2.7,0.5,3.3,3.5,18.1,6.72,,0.559,0.537,0.282,0.287,,,,,,,,16.9,,,,,,,,
Mahmoud Abdul-Rauf,LSU,1990,3,64,,37.2,10.4,21.9,0.474,7.7,14.7,0.524,2.7,7.2,0.372,5.5,6.4,0.863,,,3,3.6,1.7,0.1,3.6,2.1,29,7.02,,0.581,0.535,0.33,0.293,,,,,,,,12.6,,,,,,,,
Dennis Scott,Georgia Tech,1990,4,99,98,37.2,7.5,16.6,0.452,4,8.2,0.483,3.5,8.4,0.422,2.8,3.6,0.777,,,5.3,2.9,1.5,0.5,2.3,2.1,21.4,8.65,,0.583,0.559,0.505,0.216,,,,,,,,11.1,,,,,,,,
Kendall Gill,Illinois,1990,5,117,70,25.4,4.5,8.9,0.501,3.8,7,0.535,0.7,1.9,0.374,2.4,3.2,0.755,,,2.8,3,1.9,0.3,1.8,1.7,12,10.2,,0.578,0.541,0.21,0.36,,,,,,,,14.8,,,,,,,,
Felton Spencer,Louisville,1990,6,134,40,18.4,3.1,4.9,0.628,3.1,4.9,0.628,0,0,0,2.6,3.9,0.676,,,5.2,0.7,0.4,1,1.5,2.9,8.7,8.33,,0.651,0.628,0,0.796,,,,,,,,18.4,,,,,,,,
Lionel Simmons,La Salle,1990,7,131,99,38.5,9.5,18.9,0.501,9.1,17.9,0.506,0.4,1,0.415,5.1,7.1,0.722,,,10.9,2.7,1.8,1.9,2.9,2.2,24.6,-0.92,,0.55,0.512,0.054,0.376,,,,,,,,11.4,,,,,,,,
Bo Kimble,Loyola Marymount,1990,8,104,77,27.4,8.4,17.3,0.484,7,13.3,0.528,2.6,6.4,0.407,3.9,4.8,0.822,,,4.9,1.7,1.8,0.4,1.9,2.8,22.6,2.6,,0.577,,0.272,0.275,,,,,,,,8.8,,,,,,,,
Willie Burton,Minnesota,1990,9,118,99,28.4,5.5,10.7,0.511,4.8,8.9,0.538,0.7,1.8,0.378,3.6,4.8,0.749,,,6,1.7,0.9,0.7,2.4,3,15.3,8.85,,0.586,0.543,0.172,0.45,,,,,,,,15.5,,,,,,,,
Rumeal Robinson,Michigan,1990,10,100,98,29.9,5.2,9.8,0.528,4.3,7.7,0.56,0.9,2.1,0.411,3.3,5,0.666,,,3.2,5.8,1.5,0.3,3.3,2.9,14.5,10.46,,0.597,0.572,0.212,0.51,,,,,,,,21.5,,,,,,,,
Tyrone Hill,Xavier,1990,11,126,92,30.9,6,10.3,0.579,6,10.3,0.58,0,0,0,4,5.7,0.692,,,10.9,1,0.8,0.5,2.7,3.3,15.9,0.5,,0.61,0.579,0.002,0.555,,,,,,,,17.2,,,,,,,,
Alec Kessler,Georgia,1990,12,123,0,28.1,5,10,0.499,4.9,9.7,0.502,0.1,0.3,0.417,4.5,5.9,0.763,,,7.3,0.9,0.6,0.4,2.2,2.7,14.5,6.9,,0.57,0.505,0.029,0.587,,,,,,,,14.6,,,,,,,,
Loy Vaught,Michigan,1990,13,134,73,22,4.6,7.5,0.617,4.6,7.4,0.619,0,0,0.333,1.6,2.1,0.752,,,7.4,0.7,0.5,0.6,1.3,2.7,10.8,10.03,,0.639,0.618,0.006,0.286,,,,,,,,13.6,,,,,,,,
Travis Mays,Texas,1990,14,124,26,35,6.1,13.8,0.442,4.1,8.5,0.488,2,5.4,0.37,4.2,5.6,0.746,,,4.8,2.3,1.3,0.2,3,2.9,18.4,3.72,,0.558,0.514,0.387,0.404,,,,,,,,15.4,,,,,,,,
Larry Johnson,UNLV,1991,1,75,,31.6,8.2,12.7,0.643,7.8,11.5,0.672,0.4,1.1,0.349,4.8,6.1,0.789,,,11.2,2.5,1.9,1.2,2.5,2.8,21.6,6.88,,0.691,0.659,0.09,0.483,,,,,,,,13.8,,,,,,,,
Kenny Anderson,Georgia Tech,1991,2,65,64,38.3,8.6,18.2,0.473,6.9,13.6,0.507,1.7,4.6,0.374,4,5.1,0.787,,,5.6,7,2.6,0.1,3.9,2.1,23,10.57,,0.557,0.521,0.255,0.281,,,,,,,,15.8,,,,,,,,
Billy Owens,Syracuse,1991,3,103,103,35.1,6.9,13.6,0.505,6.4,12.1,0.527,0.5,1.5,0.325,3.7,5.4,0.682,,,8.8,3.7,2.1,0.9,2.6,2.9,17.9,8.79,,0.553,0.523,0.11,0.396,,,,,,,,13.9,,,,,,,,
Dikembe Mutombo,Georgetown,1991,4,96,24,23.6,3.7,5.7,0.644,3.7,5.7,0.644,0,0,0,2.5,3.9,0.641,,,8.6,0.8,0.4,3.7,1.7,2.4,9.9,11.27,,0.651,0.644,0,0.693,,,,,,,,18.5,,,,,,,,
Steve Smith,Michigan State,1991,5,122,55,34.4,6.8,13.9,0.487,5.6,11,0.506,1.2,2.9,0.416,3.8,5,0.756,,,6.1,3.7,0.9,0.3,3.1,2.6,18.5,9.63,,0.57,0.531,0.208,0.362,,,,,,,,16.2,,,,,,,,
Doug Smith,Missouri,1991,6,128,83,29.4,7,13.7,0.51,7,13.6,0.515,0,0.2,0.174,3,4,0.747,,,8.2,2.5,1.4,1,2.6,3.3,17.1,9.82,,0.545,0.511,0.013,0.294,,,,,,,,14.3,,,,,,,,
Luc Longley,New Mexico,1991,7,132,,27.6,5.3,9,0.586,5.3,9,0.587,0,0,0,2.9,3.9,0.735,,,6.9,2.4,0.7,2.5,2.6,2.2,13.4,4.52,,0.618,0.586,0.002,0.432,,,,,,,,19.3,,,,,,,,
Mark Macon,Temple,1991,8,126,64,37.5,7.8,18.4,0.423,5.8,13.2,0.442,2,5.2,0.374,3.2,4.1,0.779,,,5.6,2.8,2.2,0.1,1.8,2.3,20.7,3.84,,0.509,0.476,0.283,0.223,,,,,,,,8.1,,,,,,,,
Stacey Augmon,UNLV,1991,9,145,36,29.5,5.2,9.4,0.555,4.6,7.8,0.583,0.7,1.6,0.42,2.8,4.1,0.677,,,6.9,3,1.9,0.9,2.2,2.6,13.9,6.52,,0.611,0.591,0.169,0.433,,,,,,,,15.9,,,,,,,,
Terrell Brandon,Oregon,1991,10,57,28,38.2,8.1,16.8,0.484,6.7,13.1,0.513,1.4,3.7,0.38,4.5,5.5,0.81,,,3.6,5.5,2,0.1,3.6,2.1,22.2,9.29,,0.57,0.526,0.223,0.33,,,,,,,,15.5,,,,,,,,
Greg Anthony,UNLV,1991,11,138,61,30.5,4.3,9.7,0.437,3,6.5,0.467,1.2,3.3,0.379,2.8,4,0.707,,,3.1,6.9,2.4,0.3,2.7,2.5,12.6,5.54,,0.541,,0.338,0.407,,,,,,,,18.6,,,,,,,,
Dale Davis,Clemson,1991,12,121,97,28.9,5.2,8.9,0.588,5.2,8.9,0.59,0,0,0,3.2,5.4,0.59,,,10,0.7,0.9,1.7,1.6,2.9,13.6,7.46,,0.596,0.588,0.003,0.605,,,,,,,,12,,,,,,,,
Rich King,Nebraska,1991,13,124,75,23.6,4.5,8.1,0.564,4.5,8,0.565,0,0,0.4,2.8,4.1,0.676,,,6.1,1.8,0.5,1.5,2.2,2.9,11.9,7.95,,0.594,0.565,0.005,0.51,,,,13.5,13.5,,4.4,18,24.4,,,,,,,
Anthony Avent,Seton Hall,1991,14,100,63,23.5,4.2,7.9,0.527,4.2,7.9,0.527,0,0,0,2.4,3.4,0.701,,,7.1,1.1,0.5,1.2,2.1,2.8,10.7,9.84,,0.562,0.527,0,0.429,,,,,,,,17.8,,,,,,,,
Shaquille O'Neal,LSU,1992,1,90,,30.5,8.7,14.3,0.61,8.7,14.3,0.61,0,0,0,4.1,7.1,0.575,,,13.5,1.7,1.2,4.6,3.3,3.2,21.6,8.4,,0.609,0.61,0,0.498,,,,,,,,15.6,,,,,,,,
Alonzo Mourning,Georgetown,1992,2,120,65,30.3,5.1,9,0.566,5.1,8.8,0.572,0.1,0.2,0.261,6.4,8.5,0.754,,,8.6,1.2,0.5,3.8,2.5,3.4,16.7,9.99,,0.638,0.568,0.021,0.945,,,,,,,,15.9,,,,,,,,
Christian Laettner,Duke,1992,3,148,128,27.4,5.6,9.8,0.574,5.1,8.7,0.586,0.5,1.1,0.485,4.8,6,0.806,,,7.8,1.8,1.6,1,2.7,2.9,16.6,9.45,,0.657,0.602,0.112,0.61,,,,16.2,11.9,,2.8,17.5,24.2,,,,,,,
Jim Jackson,Ohio State,1992,4,93,93,34,7.4,14.7,0.503,6.5,12.3,0.527,0.9,2.3,0.376,3.6,4.5,0.784,,,5.9,4,1.6,0.5,3.3,2.4,19.2,9.19,,0.57,0.533,0.16,0.309,,,,,,,,16.3,,,,,,,,
LaPhonso Ellis,Notre Dame,1992,5,97,25,33.2,6.1,10.5,0.577,5.9,10.1,0.581,0.2,0.3,0.455,3.3,4.8,0.675,,,11.1,1.5,0.9,2.1,2.5,3.3,15.5,8.55,,0.607,0.585,0.032,0.46,,,,,,,,16.6,,,,,,,,
Tom Gugliotta,NC State,1992,6,112,90,29.3,5,10.6,0.476,3.4,6.6,0.516,1.6,4,0.408,2,3,0.668,,,7.3,2.1,1.5,0.6,2.1,2.2,13.7,9.16,,0.571,0.553,0.378,0.287,,,,13.8,11.9,,2.3,15.1,18.1,,,,,,,
Walt Williams,Maryland,1992,7,105,86,30.4,5.6,11.9,0.466,4.1,7.8,0.522,1.5,4.1,0.359,3.7,4.8,0.762,,,4.6,3.9,1.7,0.8,3.6,3.2,16.2,7.86,,0.572,0.528,0.343,0.403,,,,,,,,20.2,,,,,,,,
Todd Day,Arkansas,1992,8,127,106,28.2,6.6,13.7,0.479,4.8,9.1,0.527,1.8,4.6,0.384,3.9,5.3,0.747,,,5.3,2.5,2.1,0.8,2.5,2.6,18.9,5.89,,0.581,0.544,0.337,0.383,,,,,,,,13.3,,,,,,,,
Clarence Weatherspoon,Southern Miss,1992,9,117,58,35.5,6.8,11.8,0.576,6.5,11.2,0.583,0.3,0.6,0.444,4.3,6.3,0.677,,,11.3,1.5,1.3,1.9,2.5,2.6,18.2,4.43,,0.613,0.587,0.052,0.535,,,,,,,,14.2,,,,,,,,
Adam Keefe,Stanford,1992,10,125,29,32,6.6,11.1,0.6,6.6,11,0.601,0.1,0.1,0.467,5.2,7.1,0.736,,,9,1.7,1.1,0.4,2.5,2.1,18.6,8.24,,0.642,0.602,0.011,0.64,,,,,,,,14.6,,,,,,,,
Robert Horry,Alabama,1992,11,134,108,28,4.3,9.3,0.458,3.3,6.7,0.492,1,2.6,0.371,2.4,3.2,0.742,,,6.9,1.8,1.3,2.1,2.2,2.7,11.9,6.32,,0.548,0.51,0.279,0.344,,,,12.1,13.1,,4.9,16.6,23.2,,,,,,,
Harold Miner,USC,1992,12,87,30,35.3,7.9,17.5,0.453,5.9,12,0.492,2,5.5,0.367,5.6,6.9,0.814,,,5.4,1.8,1.1,0.2,1.9,2,23.5,6.19,,0.565,0.51,0.314,0.394,,,,,,,,8.5,,,,,,,,
Bryant Stith,Virginia,1992,13,131,128,33.5,6.5,13.5,0.483,5.7,11.1,0.511,0.9,2.5,0.353,5.3,6.7,0.789,,,6.6,1.6,1.4,0.4,2.1,2.4,19.2,9.93,,0.575,0.515,0.182,0.493,,,,,,,,11.3,,,,,,,,
Malik Sealy,St. John's (NY),1992,14,127,34,38.1,7.1,14.4,0.494,6.8,13,0.518,0.3,1.3,0.247,4.4,6.2,0.712,,,6.9,1.8,1.9,0.9,2.3,2.7,18.9,8.55,,0.547,0.505,0.091,0.431,,,,,,,,11.7,,,,,,,,
Chris Webber,Michigan,1993,1,70,34,31.9,7.3,12.4,0.589,6.7,10.5,0.641,0.6,1.9,0.306,2.2,4.2,0.53,,,10,2.4,1.5,2.5,2.9,2.9,17.4,12.07,,0.605,0.613,0.155,0.342,,,,,,,,16.6,,,,,,,,
Shawn Bradley,BYU,1993,2,34,34,28.9,5.5,10.6,0.518,5.5,10.6,0.517,0,0,1,3.8,5.4,0.692,,,7.7,1.2,0.7,5.2,2.3,3.2,14.8,5.36,,0.56,0.519,0.003,0.512,,,,,,,,14.6,,,,,,,,
Anfernee Hardaway,Memphis,1993,3,66,,36.7,6.9,15.2,0.456,4.8,9,0.531,2.2,6.2,0.346,4,5.5,0.717,,,7.7,5.9,2.5,1.3,3.5,2.7,20,9.15,,0.56,0.526,0.408,0.362,,,,,,,,16.6,,,,,,,,
Jamal Mashburn,Kentucky,1993,4,98,64,30.2,6.9,13.3,0.516,5.4,9.3,0.577,1.5,4,0.376,3.5,5.1,0.697,,,7.8,2.2,1.6,0.5,2.5,3.1,18.8,9.62,,0.598,0.573,0.301,0.379,,,,13.7,9.8,,1.8,13.6,25.4,,,,,,,
Isaiah Rider,UNLV,1993,5,55,,34.8,8.9,17.6,0.504,6.4,11.4,0.56,2.5,6.2,0.401,4.7,5.9,0.805,,,7.1,2.9,1.5,0.6,0,0,24.9,3.39,,0.612,0.574,0.35,0.334,,,,,,,,,,,,,,,,
Calbert Cheaney,Indiana,1993,6,132,130,31.3,7.7,13.8,0.559,6.6,11.2,0.587,1.1,2.6,0.438,3.3,4.1,0.79,,,5.4,1.7,0.9,0.3,2.1,2.5,19.8,10.64,,0.629,0.6,0.186,0.298,,,,9.6,9.7,,0.6,11.8,27.3,,,,,,,
Bobby Hurley,Duke,1993,7,140,139,34.3,3.7,8.9,0.41,1.8,4.3,0.415,1.9,4.7,0.405,3.2,4.1,0.776,,,2.2,7.7,1.4,0,3.8,2.3,12.4,10.09,,0.569,0.515,0.521,0.454,,,,3.5,34.9,,0.1,26,19.8,,,,,,,
Vin Baker,Hartford,1993,8,112,56,29.4,7.7,16.2,0.475,7,14,0.502,0.7,2.2,0.3,4,6.2,0.637,,,8.5,1,1,2.5,2.5,3,20,-6.08,,0.522,0.495,0.134,0.386,,,,,,,,11.4,,,,,,,,
Rodney Rogers,Wake Forest,1993,9,89,86,31.7,7.7,13.2,0.579,7.1,11.5,0.613,0.6,1.7,0.349,3.4,4.9,0.694,,,7.9,2.2,1.6,0.8,2.8,2.8,19.3,8.26,,0.621,0.602,0.129,0.368,,,,,,,,15.1,,,,,,,,
Lindsey Hunter,Jackson State,1993,10,119,,31.7,7.3,17.8,0.409,4.8,10.7,0.446,2.5,7.1,0.353,3,4.3,0.709,,,3.2,3.7,2.2,0.3,3.1,2,20.1,-4.85,,0.507,0.479,0.397,0.24,,,,,,,,13.7,,,,,,,,
Allan Houston,Tennessee,1993,11,128,128,36,7,15.3,0.46,4.3,8.9,0.486,2.7,6.4,0.424,5.1,6,0.849,,,4,3.6,1,0.4,3.2,2.1,21.9,8.28,,0.602,0.548,0.417,0.391,,,,,,,,14.9,,,,,,,,
George Lynch,UNC,1993,12,140,102,26.5,5.1,9.8,0.519,5,9.6,0.524,0.1,0.2,0.344,2.2,3.4,0.651,,,7.8,1.7,1.7,0.4,2.3,2.8,12.5,10.82,,0.547,0.523,0.023,0.352,,,,17,12.5,,1.3,16.6,23.1,,,,,,,
Terry Dehere,Seton Hall,1993,13,128,128,33.4,6.1,13.9,0.442,3.7,7.6,0.486,2.5,6.3,0.389,4.8,5.8,0.822,,,3.2,2.5,1.2,0.3,2.6,2.7,19.5,9.44,,0.586,0.53,0.455,0.417,,,,,,,,13.7,,,,,,,,
Scott Haskin,Oregon State,1993,14,111,65,24.4,4.7,8.6,0.55,4.7,8.6,0.55,0,0,0,2.4,3.4,0.711,,,5.6,0.7,0.4,1.5,1.6,2.9,11.9,8.36,,0.582,0.55,0,0.4,,,,,,,,13.7,,,,,,,,
Glenn Robinson,Purdue,1994,1,62,62,35.1,9.9,20.7,0.479,8.1,16,0.507,1.8,4.6,0.385,5.9,7.7,0.773,,,9.7,1.9,1.8,1,3.9,2.7,27.5,9.77,,0.566,0.523,0.225,0.371,,,,,,,,13.8,,,,,,,,
Jason Kidd,California,1994,2,59,,33.5,5.1,10.8,0.468,3.8,7,0.541,1.3,3.8,0.333,3.5,5.1,0.677,,,5.9,8.4,3.5,0.3,4.1,2.5,14.9,7.2,,0.561,0.527,0.352,0.474,,,,,,,,23.5,,,,,,,,
Grant Hill,Duke,1994,3,129,115,30.4,5.8,10.9,0.532,5.4,9.9,0.546,0.3,0.9,0.376,3,4.3,0.698,,,6,3.6,1.7,1,2.5,2.4,14.9,10.12,,0.578,0.548,0.084,0.399,,,,11.2,23.1,,2.8,16.1,23.9,,,,,,,
Donyell Marshall,UConn,1994,4,91,62,31,6.6,13.5,0.487,5.7,10.8,0.533,0.8,2.7,0.306,4.1,5.4,0.77,,,7.6,1.4,1.2,2.7,2.6,2.5,18.1,7.15,,0.565,0.518,0.202,0.398,,,,,,,,14.2,,,,,,,,
Juwan Howard,Michigan,1994,5,100,31,30.7,6.2,12.1,0.51,6.2,12,0.514,0,0.1,0.091,2.9,4.2,0.688,,,7.5,2,0.8,0.6,2.7,3.1,15.3,12.06,,0.541,0.511,0.009,0.35,,,,,,,,16,,,,,,,,
Sharone Wright,Clemson,1994,6,92,84,29.2,5.4,10.3,0.531,5.4,10.2,0.535,0,0.1,0,3.3,5.3,0.632,,,9.8,0.8,0.8,3.1,2.5,2.7,14.2,7.22,,0.558,0.531,0.006,0.513,,,,19.1,8.2,,9.5,16.4,25.8,,,,,,,
Lamond Murray,California,1994,7,88,20,30.6,7.3,15,0.489,6.2,11.6,0.533,1.1,3.3,0.337,3.4,4.8,0.713,,,6.8,1.8,1.3,0.9,2.6,2.3,19.2,7.14,,0.557,0.527,0.223,0.321,,,,,,,,13,,,,,,,,
Brian Grant,Xavier,1994,8,117,,29.9,5.6,9.4,0.594,5.6,9.4,0.595,0,0,0.333,3.5,5.1,0.676,,,9.2,1.2,0.8,1.1,2.3,2.8,14.7,1.1,,0.619,0.595,0.003,0.544,,,,,,,,16.3,,,,,,,,
Eric Montross,UNC,1994,9,139,105,25.2,4.5,7.7,0.585,4.5,7.7,0.585,0,0,0,2.7,4.3,0.624,,,6.8,0.6,0.5,1.2,1.5,2.9,11.7,10.41,,0.6,0.585,0,0.562,,,,14.3,4.2,,4.3,13.5,20.3,,,,,,,
Eddie Jones,Temple,1994,10,92,9,33.9,6.1,13.4,0.458,4.6,9,0.511,1.5,4.4,0.35,2.2,3.5,0.614,,,6.1,1.6,2.1,1.2,1.5,2.5,16,8.98,,0.53,0.515,0.327,0.263,,,,,,,,9,,,,,,,,
Carlos Rogers,Tennessee State,1994,11,79,0,29.9,7.5,12.4,0.603,7.4,12.2,0.609,0.1,0.2,0.25,4.1,6.5,0.629,,,10.5,1.3,0.6,2.8,2.7,3.2,19.1,-4.07,,0.616,0.605,0.016,0.52,,,,,,,,15,,,,,,,,
Khalid Reeves,Arizona,1994,12,128,89,26.9,5,10.5,0.479,3.6,6.7,0.535,1.5,3.8,0.38,3.5,4.6,0.763,,,3.3,3.1,1.5,0.1,2.2,2.3,15,8.75,,0.591,0.548,0.362,0.434,,,,5.2,19.3,,0.2,14.7,21.2,,,,,,,
Jalen Rose,Michigan,1994,13,102,33,34.4,6.2,13.3,0.464,5,9.7,0.512,1.2,3.6,0.336,4,5.4,0.738,,,4.7,3.9,1.2,0.3,3.1,2.4,17.5,12.06,,0.553,0.51,0.272,0.406,,,,,,,,16.2,,,,,,,,
Yinka Dare,George Washington,1994,14,60,,27.8,5.3,9.8,0.544,5.3,9.8,0.544,0,0,0,3.2,6.1,0.529,,,10.3,0.4,0.6,2.3,2.3,3,13.8,5.32,,0.547,0.544,0,0.624,,,,,,,,15.1,,,,,,,,
Joe Smith,Maryland,1995,1,64,64,32.8,7,12.8,0.551,6.9,12.4,0.555,0.2,0.4,0.423,5.9,8,0.738,,,10.7,1,1.5,3,2,3,20.2,8.85,,0.608,0.557,0.032,0.624,,,,,,,,11,,,,,,,,
Antonio McDyess,Alabama,1995,2,59,48,25.1,5.4,10.1,0.533,5.4,10.1,0.534,0,0,0,2,3.3,0.625,,,9.3,0.5,1,1.8,2.2,3.1,12.8,6.32,,0.549,0.533,0.002,0.323,,,,,,,,16,,,,,,,,
Jerry Stackhouse,UNC,1995,3,69,34,27.6,5.1,10.3,0.496,4.6,8.7,0.522,0.6,1.6,0.355,4.9,6.7,0.72,,,6.6,2.3,1.3,1.1,2.9,1.9,15.7,11.18,,0.579,0.523,0.154,0.653,,,,12.2,16,,2.1,17.5,28.8,,,,,,,
Rasheed Wallace,UNC,1995,4,69,41,25.5,5.5,8.6,0.635,5.4,8.6,0.637,0,0.1,0.25,2.1,3.4,0.621,,,7.4,0.8,0.6,2.3,1.5,2.6,13,11.18,,0.638,0.636,0.007,0.391,,,,16.2,4.2,,7.9,12.5,19.4,,,,,,,
Bryant Reeves,Oklahoma State,1995,5,136,133,30.6,6.4,11,0.585,6.4,10.9,0.587,0,0.1,0.125,4.5,7,0.648,,,8.5,1,0.5,1.4,2.4,3.2,17.4,9.82,,0.608,0.585,0.005,0.637,,,,,,,,14.3,,,,,,,,
Damon Stoudamire,Arizona,1995,6,123,92,29.8,5,10.9,0.457,2.8,5.4,0.514,2.2,5.5,0.402,2.8,3.5,0.804,,,3.8,5.4,1.4,0.1,3.1,2,15,8.93,,0.597,0.558,0.504,0.323,,,,6.1,22,,0.5,19.6,19.7,,,,,,,
Shawn Respert,Michigan State,1995,7,119,58,33,7.3,15.1,0.484,4.5,8.9,0.504,2.8,6.1,0.454,3.9,4.6,0.857,,,3.5,2.5,1.2,0.1,2.9,2,21.3,9.71,,0.617,0.576,0.407,0.305,,,,,,,,14.3,,,,,,,,
Ed O'Bannon,UCLA,1995,8,117,0,29.7,5.8,11.3,0.513,5,9.3,0.539,0.8,2,0.394,3.1,4.3,0.739,,,7,1.8,1.2,0.8,2.2,2.1,15.5,8.91,,0.583,0.548,0.175,0.377,,,,,,,,14.2,,,,,,,,
Kurt Thomas,TCU,1995,9,87,,23.7,6.6,12.7,0.524,6.5,12,0.54,0.2,0.7,0.25,3.9,5.7,0.682,,,9,1.2,1,1.9,2.2,3.3,17.4,1.33,,0.564,0.531,0.054,0.453,,,,,,,,12.6,,,,,,,,
Gary Trent,Ohio,1995,10,93,,33.8,8.6,14.9,0.573,8.4,14.2,0.59,0.2,0.7,0.246,5.4,7.8,0.687,,,11.3,2,0.6,1.1,3.3,2.2,22.7,0.19,,0.608,0.579,0.05,0.522,,,,,,,,15.1,,,,,,,,
Cherokee Parks,Duke,1995,11,131,99,26.4,4.8,8.7,0.551,4.5,7.9,0.572,0.3,0.8,0.333,2.7,3.5,0.755,,,6.7,0.8,0.7,1.8,1.6,2.1,12.5,10.44,,0.603,0.566,0.089,0.407,,,,14.5,5.6,,5.5,13.1,21.6,,,,,,,
Corliss Williamson,Arkansas,1995,12,91,80,29.1,7.2,12.4,0.583,7.2,12.3,0.585,0,0.1,0.167,4.5,6.8,0.672,,,7.1,2.1,1.2,1,2.4,2.5,19,8.77,,0.609,0.583,0.005,0.546,,,,,,,,13.5,,,,,,,,
Eric Williams,Providence,1995,13,60,,30.4,5.8,12.9,0.453,5.4,11.5,0.466,0.5,1.4,0.349,4.5,6.7,0.673,,,5.9,1.9,1.6,1.1,2.2,2.7,16.7,8.75,,0.519,0.472,0.108,0.523,,,,,,,,12,,,,,,,,
Brent Barry,Oregon State,1995,14,108,13,28.9,4,8.4,0.48,2.8,4.9,0.575,1.2,3.5,0.345,2.8,3.5,0.794,,,3.7,3.3,1.8,0.6,2.9,2.5,12.1,9.12,,0.598,0.551,0.414,0.415,,,,,,,,22.1,,,,,,,,
Allen Iverson,Georgetown,1996,1,67,37,32.5,7.7,17.5,0.44,5.9,11.7,0.503,1.8,5.8,0.314,5.8,8.5,0.683,,,3.6,4.6,3.2,0.3,4.1,2.5,23,8.12,,0.535,0.492,0.332,0.485,,,,,,,,15.9,,5.1,3.5,8.6,0.158,,,
Marcus Camby,UMass,1996,2,92,63,25.3,5.9,11.7,0.501,5.8,11.6,0.506,0,0.1,0.077,3.3,5.1,0.661,,,7,1.4,0.8,3.7,2,2.8,15.1,7.75,,0.535,0.501,0.012,0.433,,,,,,,,12.6,,2.2,5.9,8.1,0.139,,,
Shareef Abdur-Rahim,California,1996,3,28,,34.7,7.4,14.2,0.518,7.1,13.5,0.525,0.3,0.8,0.381,6.1,8.9,0.683,,,8.4,1,1.9,1.3,3.1,2.1,21.1,6.44,,0.571,0.528,0.053,0.626,,,,,,,,14.4,,3.1,2.3,5.4,0.221,,,
Stephon Marbury,Georgia Tech,1996,4,36,35,37.4,6.5,14.3,0.457,4.1,7.7,0.533,2.4,6.6,0.37,3.4,4.6,0.738,,,3.1,4.5,1.8,0.1,3.2,2.3,18.9,12.71,,0.574,0.543,0.463,0.319,,,,,,,,16.3,,3.5,0.8,4.3,0.127,,,
Ray Allen,UConn,1996,5,101,66,28.6,7,14.3,0.487,4.7,9.2,0.508,2.3,5.1,0.448,2.8,3.5,0.779,,,6,2.4,1.6,0.4,1.9,1.4,19,7.3,,0.594,0.567,0.359,0.247,,,,,,,,10.7,,5,3.3,8.3,0.115,,,
Antoine Walker,Kentucky,1996,6,69,2,21,4.7,10.4,0.449,4.3,8.9,0.482,0.4,1.5,0.252,1.9,2.9,0.66,,,6.5,2.2,1.3,0.5,2.1,2.1,11.7,9.85,,0.494,0.467,0.143,0.282,,,,,,,,15.4,,0.9,3.8,4.7,0.131,,,
Lorenzen Wright,Memphis,1996,7,64,,34.8,6.3,11.5,0.551,6.3,11.5,0.553,0,0,0,3.4,5.3,0.635,,,10.3,1.3,1,2,2,2.6,16,6.18,,0.572,0.551,0.003,0.463,,,,,,,,12.7,,2.7,3.7,6.5,0.116,,,
Kerry Kittles,Villanova,1996,8,122,62,36.1,6.7,14.1,0.478,4.5,8.3,0.536,2.3,5.8,0.394,2.6,3.7,0.719,,,5.9,3.3,2.3,0.4,2,1.5,18.4,9.47,,0.58,0.558,0.411,0.261,,,,,,,,11.4,,3.2,2.4,5.6,0.05,,,
Samaki Walker,Louisville,1996,9,50,,29.5,5.5,9.7,0.57,5.5,9.6,0.574,0,0.1,0.286,3.2,5.6,0.568,,,7.3,1.2,0.7,2.4,1.9,2.3,14.3,8.83,,0.578,0.572,0.014,0.572,,,,,,,,13.2,,2.1,1.1,3.2,0.087,,,
Erick Dampier,Mississippi State,1996,10,93,,28.4,5.2,8.8,0.587,5.2,8.8,0.587,0,0,0,2.9,5.1,0.566,,,9.2,1.4,0.6,2.7,2.6,2.9,13.2,8.21,,0.589,0.587,0,0.58,,,,,,,,18.9,,2.7,2.9,5.6,0.084,,,
Todd Fuller,NC State,1996,11,115,89,27.4,5.1,10.2,0.498,4.9,9.7,0.508,0.1,0.5,0.309,3.5,4.3,0.8,,,7.7,1,0.3,1.3,1.5,1.7,13.8,8.63,,0.562,0.506,0.047,0.425,,,,,,,,10.7,,3.5,2.6,6.1,0.078,,,
Vitaly Potapenko,Wright State,1996,12,56,,30.5,7.3,12.1,0.603,7.3,12,0.607,0,0.1,0.167,5.2,7.2,0.725,,,6.9,1.4,0.5,1,4.2,3.7,19.9,-0.92,,0.639,0.604,0.009,0.593,,,,,,,,21.2,,4,1.2,5.2,0.123,,,
Steve Nash,Santa Clara,1996,13,113,,30.1,4.7,10.9,0.43,2.3,5.1,0.462,2.3,5.8,0.401,3.3,3.8,0.867,,,3.1,4.5,1.3,0.1,3.1,1.8,14.9,2.4,,0.59,0.537,0.534,0.347,,,,,,,,19.7,,2.8,1.6,4.4,0.052,,,
Tony Delk,Kentucky,1996,14,133,66,23.7,5.1,10.8,0.474,3,5.5,0.549,2.1,5.4,0.397,1.8,2.6,0.709,,,3.5,1.6,1.5,0.3,1.5,1.8,14.2,9.59,,0.59,0.572,0.494,0.236,,,,,,,,10.7,,4,2.4,6.4,0.082,,,
Tim Duncan,Wake Forest,1997,1,128,96,35.1,6.2,10.7,0.577,6,10.3,0.588,0.1,0.4,0.321,4.1,5.9,0.689,,,12.3,2.3,0.5,3.8,2.6,2.4,16.5,9.98,,0.613,0.584,0.039,0.552,,,,,,,,16.2,,9.8,8.4,18.2,0.162,,,
Keith Van Horn,Utah,1997,2,122,,30.6,7.3,14,0.522,5.6,9.8,0.575,1.7,4.2,0.401,4.5,5.3,0.851,,,8.8,1.2,0.7,1,2.3,2.1,20.8,4.82,,0.631,0.583,0.301,0.382,,,,,,,,12.3,,10.5,5.3,15.8,0.17,,,
Chauncey Billups,Colorado,1997,3,55,,33.9,5.4,13.1,0.413,3.2,7.4,0.437,2.2,5.7,0.382,5.6,6.5,0.857,,,5.6,5.1,1.9,0.1,3.7,2.3,18.5,6.42,,0.574,0.497,0.437,0.497,,,,,,,,18.6,,5.7,2.5,8.2,0.177,,,
Antonio Daniels,Bowling Green State,1997,4,111,,33.3,5.9,11.4,0.515,5.1,9.5,0.54,0.8,1.9,0.396,3.6,4.8,0.758,,,2.9,5.2,1.5,0.3,2.8,1.5,16.1,1.36,,0.591,0.549,0.168,0.423,,,,,,,,17.2,,7.5,3,10.5,0.114,,,
Tony Battie,Texas Tech,1997,5,87,29,24.7,4.2,7.7,0.545,4.1,7.3,0.56,0.1,0.4,0.278,2.1,3.3,0.649,,,8.3,0.8,0.6,1.9,1.6,2.6,10.7,3.6,,0.575,0.553,0.053,0.423,,,,,,,,14.8,,4.5,6.3,10.7,0.199,,,
Ron Mercer,Kentucky,1997,6,76,,26,5.3,11,0.483,4.4,8.3,0.529,0.9,2.8,0.344,1.8,2.2,0.782,,,4.1,1.9,1.3,0.2,1.4,1.9,13.3,9.63,,0.552,0.526,0.25,0.203,,,,,,,,10.2,,4.5,4.7,9.2,0.187,,,
Tim Thomas,Villanova,1997,7,32,,31.4,5.8,13,0.45,4.4,8.6,0.507,1.5,4.4,0.336,3.8,4.8,0.796,,,6,2.1,1.8,1,2.8,2.8,16.9,9.45,,0.555,0.506,0.337,0.365,,,,,,,,15.7,,2.6,2,4.6,0.183,,,
Adonal Foyle,Colgate,1997,8,87,,36.5,8.2,15,0.547,8.2,14.8,0.551,0,0.1,0.1,4,8.2,0.491,,,12.7,1.5,0.7,5.7,3.8,2.4,20.4,-5.01,,0.541,0.548,0.008,0.55,,,,,,,,16.7,,5,5,9.9,0.125,,,
Danny Fortson,Cincinnati,1997,9,100,33,26.9,6.6,11.6,0.565,6.6,11.6,0.566,0,0,0,5.7,7.7,0.743,,,8.7,1.2,0.9,0.4,2.6,3.5,18.8,7.35,,0.617,0.565,0.003,0.663,,,,18.8,10.7,,1.5,14.5,32.3,10.3,5.9,16.1,0.239,,,
Tariq Abdul-Wahad,San Jose State,1997,10,87,,23.4,4.9,10.4,0.477,4.4,8.6,0.509,0.6,1.7,0.322,3.2,4.4,0.726,,,5.4,1.3,1,0.6,2.2,2.7,13.6,6.57,,0.548,0.504,0.169,0.421,,,,,,,,15,,4.8,2.6,7.3,0.144,,,
Austin Croshere,Providence,1997,11,121,,23.6,4.1,9.3,0.44,2.9,5.7,0.502,1.2,3.6,0.34,3.2,3.8,0.843,,,5.3,1,0.9,0.6,1.9,2,12.6,8.81,,0.567,0.505,0.384,0.407,,,,12.5,9.1,1.9,2,14.6,27,6.2,4.3,10.5,0.146,,,
Derek Anderson,Kentucky,1997,12,99,,24.9,4.1,8.5,0.482,3.2,6,0.532,0.9,2.5,0.364,3.2,4,0.805,,,3.8,3.2,1.9,0.2,2,2.5,12.4,10.44,,0.593,0.536,0.296,0.472,,,,,,,,16,,4.5,3.5,7.9,0.129,,,
Maurice Taylor,Michigan,1997,13,98,,28.5,5.4,10.8,0.497,5.3,10.7,0.5,0.1,0.2,0.313,2.1,3.2,0.642,,,6.1,1.2,0.6,0.9,2,2.9,12.9,9.33,,0.521,0.499,0.015,0.294,,,,,,,,14.2,,3.5,4.7,8.2,0.117,,,
Kelvin Cato,Iowa State,1997,14,79,58,24.4,3.4,7.9,0.434,3.4,7.9,0.435,0,0,0,2.2,3.8,0.584,,,7.4,0.6,0.8,3.5,1.6,2.9,9.1,4.07,,0.468,0.434,0.002,0.486,,,,,,,,14.3,,0.5,8.3,8.7,0.181,,,
Michael Olowokandi,Pacific,1998,1,77,,15.7,5.8,9.7,0.592,5.8,9.7,0.592,0,0,0,2,4.3,0.466,,,7.5,0.5,0.2,2.1,1.4,1.2,13.5,-1.18,,0.575,0.592,0,0.437,,,,,,,,17.6,,5.9,6.9,12.8,0.268,,,
Mike Bibby,Arizona,1998,2,69,69,32.3,5.2,11.4,0.456,3.1,6.1,0.514,2.1,5.3,0.39,2.9,3.9,0.73,,,3.1,5.5,2.3,0.2,2.6,1.9,15.4,9.68,,0.578,0.548,0.468,0.342,,,,,,,,16.3,,5.7,4.4,10.1,0.181,,,
Raef LaFrentz,Kansas,1998,3,131,131,27.5,6.3,11.3,0.555,6.2,11.1,0.56,0.1,0.3,0.371,3.1,4.3,0.712,,,9.1,0.7,0.7,1.1,2,2.5,15.8,7.94,,0.589,0.56,0.024,0.381,,,,,,,,12.8,,10.2,10.3,20.4,0.227,,,
Antawn Jamison,UNC,1998,4,104,29,33.6,7.6,13.1,0.577,7.5,12.9,0.583,0.1,0.3,0.296,3.8,6.1,0.617,,,9.9,0.9,0.9,0.8,1.8,1.6,19,11.3,,0.593,0.58,0.02,0.466,,,,,,,,11,,11.8,7.5,19.3,0.195,,,
Vince Carter,UNC,1998,5,103,19,23,4.7,8.5,0.547,3.7,5.9,0.625,1,2.6,0.368,2,2.8,0.705,,,4.5,1.9,1.1,0.8,1.3,1.3,12.3,11.3,,0.622,0.603,0.306,0.332,,,,,,,,12.7,,9,5.8,14.8,0.199,,,
Robert Traylor,Michigan,1998,6,91,,24.4,5.5,9.6,0.566,5.5,9.6,0.566,0,0,0,2.4,4.4,0.545,,,8.2,1.5,1.1,1.1,2.7,2,13.3,9.57,,0.567,0.566,0.001,0.456,,,,,,,,20.1,,6.4,6.9,13.3,0.207,,,
Jason Williams,Florida,1998,7,48,,29.1,5.3,11,0.483,3.5,6.3,0.549,1.9,4.7,0.394,2.4,3,0.793,,,3.3,6.5,2.1,0.3,2.7,1,14.9,1.3,,0.598,0.567,0.426,0.274,,,,,,,,19.5,,4.3,1.3,5.6,0.137,,,
Larry Hughes,Saint Louis,1998,8,32,,,7,16.9,0.415,5.7,12.3,0.461,1.3,4.5,0.29,5.6,8.1,0.692,,,5.1,2.4,2.2,0.4,0,0,20.9,5.51,,0.505,0.454,0.269,0.481,,,,,,,,,,1.8,2.5,4.3,,,,
Paul Pierce,Kansas,1998,9,108,103,28.1,6,12.4,0.481,5,9.6,0.518,1,2.8,0.355,3.4,4.9,0.697,,,6.3,2.2,1.4,0.9,2.8,2.5,16.4,7.24,,0.555,0.521,0.227,0.396,,,,,,,,15.8,,8,9.6,17.6,0.233,,,
Bonzi Wells,Ball State,1998,10,116,86,31,7.9,16.4,0.48,6.6,12.6,0.526,1.2,3.8,0.325,4.5,6.5,0.681,,,7.3,3.3,3,0.8,3.6,2.1,21.4,1.63,,0.549,0.517,0.23,0.399,,,,,,,,15.5,,9.3,8.6,17.9,0.161,,,
Michael Doleac,Utah,1998,11,133,,22.2,3.9,7.8,0.491,3.7,7.5,0.496,0.2,0.4,0.404,3.5,4.5,0.784,,,6.7,0.6,0.5,0.9,1.5,1.8,11.4,5.42,,0.571,0.501,0.05,0.577,,,,,,,,14.2,,7.9,7.5,15.4,0.168,,,
Keon Clark,UNLV,1998,12,39,,28.1,5.8,10.4,0.554,5.5,9.7,0.567,0.3,0.7,0.37,3,4.7,0.638,,,8.2,1.3,0.6,3.5,2.6,2.4,14.8,4.38,,0.585,0.567,0.067,0.456,,,,,,,,16.7,,3.5,4.8,8.3,0.31,,,
Michael Dickerson,Arizona,1998,13,130,80,24.1,5.1,11.2,0.458,4,8,0.494,1.2,3.2,0.367,2.3,3.2,0.728,,,3.7,1.5,0.8,0.2,1.9,1.9,13.8,9.54,,0.54,0.51,0.286,0.284,,,,,,,,13,,5.7,4.1,9.8,0.126,,,
Matt Harpring,Georgia Tech,1998,14,124,60,36,6.1,13.1,0.465,4.4,8.4,0.523,1.7,4.7,0.361,4.1,5.4,0.753,,,8,2.3,1.4,0.2,2.7,1.8,17.9,10.66,,0.573,0.53,0.361,0.416,,,,,,,,15.6,,10,4.6,14.6,0.111,,,
Elton Brand,Duke,1999,1,60,,29.3,5.9,9.7,0.612,5.9,9.7,0.612,0,0,0,4.4,6.5,0.672,,,8.9,0.9,1.4,1.9,1.7,1.6,16.2,9.73,,0.635,0.612,0,0.672,,,,,,,,11.2,,6.8,7.7,14.5,0.35,,,
Steve Francis,Maryland,1999,2,34,,30.7,6,11.5,0.523,4.7,8.1,0.58,1.3,3.4,0.388,3.6,4.6,0.79,,,4.5,4.5,2.8,0.2,3,2.8,17,9.1,,0.62,0.58,0.296,0.401,,,,,,,,17.9,,4.1,2.5,6.5,0.251,,,
Baron Davis,UCLA,1999,3,59,,30.7,4.9,9.7,0.503,3.9,6.6,0.583,1,3.1,0.328,2.9,4.5,0.631,,,3.8,5.1,2.5,0.4,3.3,1.6,13.6,9.93,,0.574,0.554,0.315,0.469,,,,,,,,18.7,,4.3,3,7.3,0.202,,,
Lamar Odom,Rhode Island,1999,4,32,,34.9,6.3,13.2,0.482,5.3,10,0.53,1,3.1,0.33,3.9,5.7,0.687,,,9.4,3.8,0.8,1.5,3.4,2.9,17.6,5.58,,0.556,0.521,0.238,0.432,,,,,,,,17.8,,2.9,2.9,5.8,0.206,,,
Wally Szczerbiak,Miami (OH),1999,5,105,,28.5,6.4,12.5,0.512,4.4,8,0.558,1.9,4.5,0.431,2.9,3.5,0.809,,,6.3,2.2,0.8,0.8,2.2,2.1,17.6,1.97,,0.621,0.59,0.361,0.284,,,,,,,,14.3,,14.5,8.2,22.7,0.278,,,
Richard Hamilton,UConn,1999,6,103,,31.4,6.7,15.7,0.426,4.4,9.7,0.456,2.3,6.1,0.378,4,4.9,0.826,,,4.5,2.6,1.3,0.3,2.7,1.3,19.8,8.27,,0.547,0.499,0.387,0.311,,,,,,,,13.2,,9.5,7.2,16.8,0.196,,,
Andre Miller,Utah,1999,7,134,,29.4,4.4,8.6,0.513,4,7.1,0.558,0.4,1.5,0.294,2.9,4.2,0.676,,,4.8,5.4,1.9,0.5,2.8,1.4,12.1,5.01,,0.571,0.538,0.172,0.496,,,,,,,,21.4,,10.3,12.5,22.8,0.21,,,
Shawn Marion,UNLV,1999,8,29,,32.9,7.6,14.4,0.529,6.9,12.1,0.573,0.7,2.3,0.299,2.8,3.8,0.73,,,9.3,1.2,2.5,1.9,1.4,2.1,18.7,4.52,,0.577,0.553,0.16,0.266,,,,,,,,8,,3,3,6,0.253,,,
Jason Terry,Arizona,1999,9,129,18,25.1,3.8,8.6,0.443,2.3,4.6,0.503,1.5,4,0.374,2.3,2.9,0.784,,,2.3,3.8,1.9,0.1,2.4,1.4,11.3,9.02,,0.57,0.529,0.465,0.336,,,,,,,,19.2,,7.5,5.7,13.2,0.163,,,
Trajan Langdon,Duke,1999,10,136,24,28.9,4.6,10.1,0.451,2.1,4.3,0.486,2.5,5.9,0.426,2.8,3.3,0.862,,,2.9,1.9,0.9,0.2,1.5,1.5,14.5,10.15,,0.62,0.575,0.581,0.325,,,,4.8,11,,0.4,11.6,20.6,11.5,5.1,16.6,0.16,,,
Corey Maggette,Duke,1999,11,39,,17.7,3.5,6.7,0.525,2.8,4.5,0.61,0.7,2.2,0.345,2.8,4,0.716,,,3.9,1.5,0.7,0.4,2.1,2.5,10.6,10.13,,0.619,0.58,0.322,0.594,,,,,,,,19.3,,2.7,1.8,4.5,0.263,,,
William Avery,Duke,1999,12,74,,31,4.1,8.7,0.47,2.6,4.8,0.554,1.5,4,0.369,2.2,2.8,0.784,,,2.8,3.8,1.2,0,2.6,1.2,11.9,9.73,,0.59,0.553,0.454,0.322,,,,,,,,18,,5.1,3.9,9.1,0.209,,,
Metta World Peace,St. John's (NY),1999,13,69,,34.2,4.9,10.9,0.445,3.5,7.2,0.492,1.3,3.8,0.355,2.1,3.6,0.589,,,6.3,3.2,1.9,1.2,2.8,1.2,13.1,7.93,,0.521,0.506,0.344,0.327,,,,,,,,17.9,,3.1,8,11.1,0.246,,,
Cal Bowdler,Old Dominion,1999,14,118,,20.6,3.1,6.8,0.451,2.7,5.6,0.492,0.3,1.2,0.264,2.2,3.5,0.625,,,6.6,0.7,0.4,1.9,1.5,1.1,8.6,-0.76,,0.51,0.474,0.179,0.508,,,,,,,,16.3,,2.9,6.3,9.2,0.158,,,
Kenyon Martin,Cincinnati,2000,1,116,,23.7,4.4,7.5,0.586,4.4,7.5,0.59,0,0.1,0.222,2.2,3.7,0.581,,,7.5,1.2,1.1,2.5,1.6,2,11,6.65,,0.592,0.587,0.01,0.494,,,,,,,,14.3,,8.2,16.4,24.7,0.346,,,
Stromile Swift,LSU,2000,2,50,,26.6,5.1,9,0.56,4.9,8.4,0.585,0.2,0.7,0.242,3.1,5.1,0.613,,,7,0.7,1.3,2.6,2.5,2.6,13.4,5.84,,0.585,0.569,0.073,0.566,,,,,,,,18,,4.1,5.1,9.2,0.275,,,
Marcus Fizer,Iowa State,2000,3,97,91,32.9,7.1,13.9,0.511,6.9,13.2,0.524,0.2,0.7,0.292,4.4,6.3,0.702,,,7.4,1,0.9,0.9,2.3,1.9,18.9,6.27,,0.558,0.519,0.053,0.453,,,,,,,,12.1,,9.2,7.1,16.4,0.256,,,
Mike Miller,Florida,2000,4,65,,26.7,4.5,9.2,0.483,3.3,5.8,0.565,1.2,3.5,0.345,3.1,4.4,0.718,,,6,2.3,1.2,0.3,2.2,1.9,13.3,7.07,,0.586,0.547,0.376,0.473,,,,,,,,16,,5,3.4,8.4,0.194,,,
DerMarr Johnson,Cincinnati,2000,5,32,,27.5,4.4,9.2,0.478,2.8,4.8,0.575,1.6,4.4,0.371,2.2,3,0.737,,,3.8,1.4,1,0.9,1.4,2,12.6,8.5,,0.594,0.567,0.478,0.324,,,,,,,,12,,2.6,2.2,4.8,0.218,,,
Chris Mihm,Texas,2000,6,96,,31.4,5.2,10.4,0.497,5.1,10.1,0.503,0.1,0.3,0.3,4.2,6.1,0.684,,,9.8,0.6,0.4,2.8,2.4,1.9,14.6,7.62,,0.548,0.501,0.03,0.581,,,,,,,,14.6,,6.3,9.3,15.6,0.251,,,
Jamal Crawford,Michigan,2000,7,17,,33.9,6.2,15,0.412,4.2,9.1,0.468,1.9,5.9,0.327,2.4,3,0.784,,,2.8,4.5,1.1,0.9,3.1,1.1,16.6,9.27,,0.507,0.476,0.396,0.2,,,,,,,,16,,0.7,0.2,0.9,0.065,,,
Joel Przybilla,Minnesota,2000,8,49,,27.6,4.1,6.9,0.591,4.1,6.9,0.591,0,0,0,1.7,3.3,0.521,,,6.9,1.9,0.7,3.4,2.9,3.1,9.9,9.77,,0.583,0.591,0,0.479,,,,,,,,25.2,,3,3.4,6.4,0.19,,,
Keyon Dooling,Missouri,2000,9,59,,28.1,3.8,9.2,0.411,2.6,5.8,0.452,1.1,3.4,0.338,3.4,4.7,0.733,,,2.4,3.4,1.3,0.5,2.3,1.7,12.1,6.05,,0.531,0.472,0.365,0.51,,,,,,,,16.6,,2.9,3.1,6,0.146,,,
Jerome Moiso,UCLA,2000,10,62,,26.8,4.9,9.8,0.495,4.8,9.5,0.505,0.1,0.4,0.227,2.2,3.5,0.614,,,6.8,1.1,1,1.3,2.3,2.8,12,9.47,,0.521,0.499,0.036,0.362,,,,,,,,16.5,,2.4,4.5,6.8,0.164,,,
Etan Thomas,Syracuse,2000,11,122,,26,4.1,6.8,0.6,4.1,6.8,0.6,0,0,0,2.9,4.8,0.598,,,6.9,0.4,0.7,3.5,1.7,2,11,7.2,,0.608,0.6,0,0.709,,,,,,,,15.9,,9.3,14.2,23.5,0.301,,,
Courtney Alexander,Fresno State,2000,12,112,,30.9,7.2,15.8,0.456,5.7,11.7,0.488,1.5,4.1,0.362,3,3.9,0.767,,,3.9,2.2,1.1,0.2,2,1.8,18.9,7.56,,0.535,0.503,0.259,0.248,,,,,,,,10,,7.9,3.6,11.6,0.134,,,
Mateen Cleaves,Michigan State,2000,13,123,,29.6,4.4,10.8,0.406,3.2,7.1,0.454,1.2,3.7,0.313,2.6,3.5,0.738,,,2.1,6.6,1.6,0.1,3.8,1.6,12.5,9.5,,0.502,0.459,0.343,0.324,,,,,,,,25,,4.7,8.2,12.9,0.128,,,
Jason Collier,Georgia Tech,2000,14,97,,29.6,4.9,10.8,0.458,4.2,8.8,0.478,0.7,1.9,0.369,3.3,4.6,0.711,,,7.1,1.2,0.6,1.1,2.9,2.5,13.9,9.13,,0.535,0.491,0.179,0.428,,,,,,,,17.9,,5.3,4.2,9.5,0.134,,,
Jason Richardson,Michigan State,2001,1,70,32,21.7,3.7,7.4,0.503,2.9,5.3,0.551,0.8,2.1,0.383,1.4,2.1,0.649,1.8,4.1,5,1.4,0.8,0.5,1.1,1.9,9.6,9.73,,0.573,0.558,0.287,0.285,,,,,,,,12,,3.7,5,8.7,0.229,,,
Shane Battier,Duke,2001,2,146,39,31.4,4.5,8.9,0.5,2.8,4.9,0.57,1.7,4.1,0.416,3,3.8,0.777,2.4,4.9,6.1,1.6,1.8,1.7,1.2,1.6,13.6,10.08,,0.632,0.594,0.454,0.431,,,,,,,,9.2,,13.5,16.3,29.8,0.272,,,
Eddie Griffin,Seton Hall,2001,3,30,30,32.6,6.9,16,0.429,5.5,11.7,0.469,1.4,4.3,0.32,2.7,3.6,0.734,3.1,7.6,10.8,1.6,0.9,4.4,2.2,2.4,17.8,6.03,,0.501,0.472,0.267,0.227,,,,,,,,11.2,,1,3.6,4.6,0.189,,,
Rodney White,Charlotte,2001,4,28,26,30.9,6.7,13.8,0.487,5.5,10.4,0.533,1.2,3.4,0.347,4.1,5.7,0.713,1.8,4.7,6.5,1.5,1.2,0.7,2.9,2.6,18.7,7.91,,0.566,0.53,0.246,0.415,,,,,,,,15.1,,2.5,1.9,4.4,0.202,,,
Joe Johnson,Arkansas,2001,5,53,41,30.3,5.7,12.2,0.466,4.5,9.3,0.485,1.2,2.9,0.406,2.4,3.2,0.753,2.2,4.2,6.1,2.4,1.7,0.5,2.5,1.7,15,6.96,,0.545,0.515,0.239,0.262,,,,,,,,15.3,,3.3,4,7.3,0.182,,,
Richard Jefferson,Arizona,2001,6,84,34,26.3,4,8.1,0.49,3.3,6.2,0.528,0.7,1.9,0.368,2.5,3.5,0.718,1.7,3.8,5,2.8,0.6,0.8,2.7,2.6,11.2,10.19,,0.572,0.534,0.238,0.436,,,,,,,,21.6,,5,4.8,9.8,0.177,,,
Troy Murphy,Notre Dame,2001,7,94,29,35.1,7.2,14.6,0.496,6.6,12.5,0.522,0.7,2,0.335,6.2,8,0.777,3.1,6.1,9.8,1.7,1.2,1.3,3,2.9,21.4,6.35,,0.582,0.52,0.139,0.551,,,,,,,,14.1,,11.5,4.5,15.9,0.193,,,
Steven Hunter,DePaul,2001,8,63,27,24.6,4,6.8,0.586,4,6.8,0.589,0,0,0,1.9,3.2,0.6,2.2,3.4,4.7,0.4,0.2,2,1.6,2.2,9.9,7.92,,0.594,0.586,0.005,0.465,,,,,,,,16.1,,3.8,4,7.9,0.203,,,
Kirk Haston,Indiana,2001,9,96,28,26.8,5.7,12,0.473,5.4,11.2,0.48,0.3,0.7,0.366,3,4.2,0.717,2.4,6.3,7.8,1.2,0.8,1.1,2,2.7,14.6,10.88,,0.523,0.484,0.062,0.354,,,,,,,,12.7,,4.5,7,11.5,0.178,,,
Michael Bradley,Villanova,2001,10,100,31,27.4,4.4,6.5,0.677,4.3,6.2,0.695,0.1,0.3,0.353,1.9,3.6,0.541,3.5,6.3,5.4,1.3,0.6,1,2.2,1.6,10.9,8.74,,0.662,0.687,0.052,0.548,,,,,,,,16.7,,8.8,4,12.8,0.248,,,
Jason Collins,Stanford,2001,11,73,34,22.1,3.6,5.9,0.612,3.4,5.5,0.623,0.2,0.4,0.444,3.4,4.8,0.716,2.7,5.1,6.6,0.8,0.5,1.2,1.5,2.2,10.8,8.87,,0.662,0.626,0.063,0.813,,,,,,,,15.6,,6.4,6.2,12.6,0.316,,,
Zach Randolph,Michigan State,2001,12,33,8,19.8,4.2,7.1,0.587,4.2,7.1,0.59,0,0,0,2.4,3.8,0.635,3.1,3.6,6.7,1,0.7,0.7,1.6,1.8,10.8,9.54,,0.604,0.587,0.004,0.536,,,,,,,,15.2,,2.3,2.8,5.1,0.315,,,
Brendan Haywood,UNC,2001,13,141,33,29.2,3.8,6,0.637,3.8,6,0.637,0,0,0,2.3,4,0.591,3.2,4.2,6,0.8,0.3,2.2,1.9,2.1,10,11.05,,0.634,0.637,0,0.656,,,,,,,,16.4,,10.6,8.8,19.3,0.231,,,
Joseph Forte,UNC,2001,14,69,32,33.9,6.9,15.3,0.454,5.3,10.9,0.489,1.6,4.4,0.368,3.2,4,0.81,1.2,4.8,5.8,3,1.8,0.4,2.4,2,18.7,11.79,,0.544,0.507,0.286,0.259,,,,,,,,12.5,,5.3,3.5,8.8,0.15,,,
Jay Williams,Duke,2002,1,108,74,33.1,6.6,14.6,0.453,3.7,7.2,0.514,2.9,7.4,0.393,3.1,4.7,0.671,0.8,2.6,3.7,6,2.2,0.1,3.9,2.3,19.3,10,,0.572,0.552,0.506,0.322,,,,,,,,18.9,,10.3,7.2,17.6,0.197,,,
Mike Dunleavy,Duke,2002,2,104,74,28.8,4.8,10.1,0.475,3.1,5.5,0.564,1.7,4.6,0.371,1.9,2.7,0.698,1.5,4.9,5.8,2.2,1.6,0.5,1.9,2,13.2,10,,0.58,0.56,0.46,0.265,,,,,,,,14.6,,7,7.9,14.8,0.198,,,
Drew Gooden,Kansas,2002,3,98,64,26.2,6.1,12.3,0.493,5.9,11.7,0.503,0.2,0.6,0.306,3.3,4.7,0.698,3,7.1,9.2,1.6,1.1,1.1,2.6,2.5,15.6,9.39,,0.537,0.501,0.051,0.379,,,,18.1,9.4,1.8,3.5,15,27.1,5.2,7.9,13.1,0.204,,,
Dajuan Wagner,Memphis,2002,4,36,35,31.8,7.4,18,0.41,5.5,12.2,0.453,1.8,5.8,0.317,4.6,6.4,0.722,0.5,2,2.5,3.6,1.2,0.6,2.9,2.8,21.2,4.72,,0.504,0.461,0.321,0.355,,,,,,,,12.2,,1.7,2.4,4.1,0.143,,,
Chris Wilcox,Maryland,2002,5,70,27,16.6,3.2,6.2,0.52,3.2,6.1,0.522,0,0,0,1.5,2.6,0.589,1.8,3,4.7,1,0.5,1,1,2,7.9,10.19,,0.536,0.52,0.005,0.418,,,,15.1,11.1,,3.8,12.2,24.3,1.9,3.6,5.5,0.19,,,
Caron Butler,UConn,2002,6,63,62,34.5,6.4,13.8,0.465,5.7,11.9,0.482,0.7,1.9,0.364,4.5,5.9,0.768,3.3,4.3,7.6,3,2.1,0.3,2.7,2.4,18,6.43,,0.544,0.491,0.139,0.426,,,,,,,,13.9,,4.6,4.7,9.4,0.172,,,
Jared Jeffries,Indiana,2002,7,70,70,32.6,5,11.2,0.45,4.5,9.5,0.472,0.6,1.7,0.325,3.8,5.8,0.643,2.4,4.8,7.2,2.2,1.2,1.3,2.9,2.7,14.4,11.56,,0.515,0.475,0.153,0.521,,,,,,,,17.1,,3,6,8.9,0.156,,,
Melvin Ely,Fresno State,2002,8,124,61,32.5,6.4,11,0.577,6.4,11,0.578,0,0,0.333,3,4.6,0.648,2.9,5.3,7.5,1.1,0.8,2.9,2.4,2.3,15.7,4.4,,0.595,0.578,0.002,0.42,,,,,,,,15.6,,11.3,9.8,21.1,0.209,,,
Marcus Haislip,Tennessee,2002,9,89,25,17.1,3.1,5.9,0.53,2.7,4.7,0.568,0.4,1.1,0.373,1.7,2.5,0.705,1.4,2.9,3.4,0.5,0.3,1.3,1.1,2.4,8.4,9.77,,0.596,0.566,0.196,0.422,,,,11.4,0,1.7,7.9,13.1,23.2,4.4,3.1,7.6,0.198,,,
Fred Jones,Oregon,2002,10,125,60,28.2,4.4,9.2,0.481,3.3,5.7,0.568,1.2,3.5,0.338,3.1,3.9,0.805,1.9,3.6,5,2.9,1.2,0.6,2.4,2.5,13.2,8.05,,0.595,0.545,0.378,0.42,,,,,,,,18.1,,9.7,5.7,15.4,0.174,,,
Juan Dixon,Maryland,2002,11,141,72,28.4,5.7,12.1,0.468,4,7.8,0.513,1.7,4.4,0.389,3,3.6,0.85,1.3,3.1,4.2,2.6,2.4,0.2,2.5,2,16.1,9.73,,0.582,0.538,0.359,0.292,,,,7,15.8,,0.4,15.4,26.1,12.2,8.4,20.6,0.206,,,
Curtis Borchardt,Stanford,2002,12,66,29,21.6,3.5,6.6,0.534,3.3,6,0.551,0.2,0.6,0.375,2.9,4.2,0.691,2.8,6,7.2,1.2,0.4,2.2,1.4,2.3,10.2,8.67,,0.592,0.552,0.092,0.631,,,,20,13.6,,6.2,13.7,23.4,3.8,6.6,10.4,0.291,,,
Ryan Humphrey,Notre Dame,2002,13,123,60,30.7,5.3,10.6,0.495,5.2,10.5,0.497,0.1,0.2,0.364,2.7,5,0.536,3.4,6.6,8.4,1.3,0.9,2.3,2.4,2.2,13.3,5.21,,0.51,0.498,0.017,0.472,,,,,,,,14,,4.1,13.7,17.8,0.209,,,
Kareem Rush,Missouri,2002,14,84,60,30.2,6.5,14.7,0.445,3.9,8.3,0.464,2.7,6.4,0.422,3.1,4,0.777,1.7,4.1,5.4,2.1,1.2,0.6,2.8,2.3,18.9,8.07,,0.569,0.537,0.434,0.269,,,,,,,,14.3,,7.9,4.3,12.2,0.193,,,
Carmelo Anthony,Syracuse,2003,1,35,35,36.4,7.9,17.5,0.453,6.3,12.7,0.496,1.6,4.7,0.337,4.8,6.8,0.706,2.9,7.1,10,2.2,1.6,0.9,2.2,2.2,22.2,9.02,,0.537,0.498,0.271,0.389,,,,14,11.9,,1.5,9.6,29.3,2.7,3.1,5.8,0.183,,,
Chris Bosh,Georgia Tech,2003,2,31,31,31,5.4,9.7,0.56,4.7,8.2,0.575,0.7,1.5,0.478,4.1,5.6,0.73,3.1,5.9,9,1.2,1,2.2,2.3,2.4,15.6,7.94,,0.634,0.597,0.153,0.58,,,,,,,,15.8,,3.5,2.9,6.4,0.267,,,
Dwyane Wade,Marquette,2003,3,65,65,30.7,7.3,14.8,0.494,6.8,13.3,0.512,0.5,1.5,0.333,4.6,6.2,0.745,2.2,4.3,6.5,3.9,2.3,1.2,3.1,2.4,19.7,6.03,,0.557,0.511,0.1,0.421,,,,13.6,27.9,,2.9,15,33.6,6,7.3,13.3,0.268,,,
Chris Kaman,Central Michigan,2003,4,83,45,26.3,5.4,8.8,0.608,5.4,8.8,0.608,0,0,0,4.3,6,0.713,2.7,5.8,8.5,0.8,0.5,2.2,3.1,2.8,15.1,1.05,,0.643,0.608,0,0.685,,,,21.2,8.1,,5.8,20.9,28,9.2,3.1,12.3,0.226,,,
Kirk Hinrich,Kansas,2003,5,141,118,29.7,4.4,8.8,0.493,2.7,5,0.542,1.7,3.9,0.43,2,2.6,0.776,0.9,3.3,3.8,4.7,1.5,0.4,2.7,2.7,12.4,9.68,,0.616,0.587,0.438,0.298,,,,5.6,25.3,2.5,2.3,21.1,15.7,11.5,8.5,20,0.191,,,
T.J. Ford,Texas,2003,6,66,66,33,4.3,10.5,0.406,3.9,9,0.436,0.3,1.5,0.228,4,5,0.801,0.7,3.2,3.8,8,2.1,0.1,3.6,2.6,12.9,9.63,,0.5,0.422,0.145,0.478,,,,6.4,44.6,,0.3,21.8,21.7,2,5.3,7.4,0.135,,,
Mike Sweetney,Georgetown,2003,7,96,95,29,6.3,11.6,0.544,6.3,11.6,0.546,0,0,0,5.6,7.7,0.727,3.6,5.6,9.2,1.8,1.1,1.9,2.5,2.3,18.2,4.02,,0.597,0.544,0.004,0.658,,,,17,13.6,,5.4,13.9,28.5,10.4,10.6,21,0.302,,,
Jarvis Hayes,Georgia,2003,8,84,56,31.4,6.8,15,0.457,5,9.9,0.502,1.9,5.1,0.369,2.4,3.1,0.772,1.2,3.6,5,1.5,1.3,0.5,1.7,2.3,18,5.2,,0.546,0.519,0.339,0.209,,,,8,11.2,,0.9,9.5,26.3,6,3.3,9.2,0.14,,,
Nick Collison,Kansas,2003,9,142,130,27.4,6,10.7,0.562,5.9,10.3,0.571,0.2,0.5,0.359,2.5,4,0.624,3,5.4,8,1.8,1.1,1.7,2.4,2.9,14.8,9.68,,0.583,0.57,0.042,0.376,,,,15.1,8.5,2.4,4,16.1,22.6,11,14.2,25.2,0.259,,,
Marcus Banks,UNLV,2003,10,63,63,34.3,6,12.2,0.495,5,9.1,0.551,1,3.1,0.33,5,6.8,0.731,0.8,2.6,3.3,4.3,2.5,0.2,3.6,2.9,18.1,4.77,,0.585,0.537,0.256,0.555,,,,5.7,26.1,,0.3,18.8,26.9,6.4,2.4,8.8,0.164,,,
Luke Ridnour,Oregon,2003,11,96,96,33.6,4.5,10.5,0.429,2.4,5,0.472,2.1,5.4,0.389,3.5,4.1,0.859,0.4,2.5,3,5.2,1.6,0.1,3.2,2.1,14.6,6.98,,0.588,0.53,0.519,0.387,,,,5.3,35.1,,0.1,20.3,27.1,7.8,3.4,11.2,0.139,,,
Reece Gaines,Louisville,2003,12,125,93,31.6,5.1,11.2,0.452,3.3,6.5,0.502,1.8,4.7,0.383,3.6,4.9,0.75,0.7,2.8,3.4,3.8,1.5,0.2,2.7,2.5,15.6,7.91,,0.577,0.533,0.421,0.435,,,,6,23.4,,0.7,16.4,26.9,10.6,6.1,16.7,0.169,,,
Troy Bell,Boston College,2003,13,122,95,35.7,6.2,14.7,0.424,3.8,8.1,0.467,2.5,6.6,0.372,6.6,7.6,0.868,1.8,2.5,4,3.5,2.2,0.3,2.9,2.3,21.6,5.85,,0.588,0.508,0.45,0.52,,,,,,,,13.6,,15.3,7.6,22.9,0.21,,,
David West,Xavier,2003,14,126,93,33.4,5.8,10.8,0.531,5.6,10.4,0.54,0.1,0.4,0.327,5.3,6.9,0.757,3.2,7.6,10.4,2.1,1.4,1.8,2.5,2.8,16.9,4.18,,0.598,0.538,0.04,0.64,,,,16.3,10.7,,5,15.2,26.8,13.7,18,31.7,0.301,,,
Emeka Okafor,UConn,2004,1,103,103,31.8,5.7,9.7,0.59,5.7,9.7,0.59,0,0,0,2.4,4.3,0.564,3.4,7.2,10.6,0.8,0.9,4.3,2,2.6,13.8,7.61,,0.591,0.59,0,0.449,,,,17.5,4.6,,8.3,14.6,23.5,8.2,14.1,22.3,0.272,,,
Ben Gordon,UConn,2004,2,106,74,31,5.6,12.7,0.44,3.2,7.2,0.452,2.3,5.5,0.423,3.5,4.4,0.795,0.8,3.1,3.9,4.1,1.2,0.2,2.8,2.3,16.9,7.61,,0.574,0.531,0.433,0.346,,,,6.6,24.7,,0.3,16.2,26.7,9.6,6.1,15.7,0.191,,,
Devin Harris,Wisconsin,2004,3,96,96,35,4.6,10.2,0.447,2.6,5,0.522,1.9,5.2,0.375,3.8,4.8,0.778,0.7,3.4,4.1,3.1,1.7,0.4,1.8,2.1,14.8,7.74,,0.593,0.542,0.509,0.474,,,,7.7,28.8,,0.3,12.4,27.6,9.8,7.8,17.6,0.21,,,
Josh Childress,Stanford,2004,4,86,57,28.6,4.5,10.2,0.438,3.3,6.6,0.494,1.2,3.6,0.335,2.2,2.8,0.755,1.9,4.9,6.8,1.8,0.9,1.1,1.7,2.1,12.3,7.25,,0.532,0.497,0.352,0.278,,,,13.4,12.8,,2.7,13.1,22.7,3.9,7.2,11.2,0.182,,,
Luol Deng,Duke,2004,5,37,32,31.1,5.7,11.9,0.476,4.6,8.9,0.515,1.1,3,0.36,2.6,3.7,0.71,2.2,4.7,6.9,1.8,1.3,1.1,2.2,2.2,15.1,10.86,,0.551,0.522,0.252,0.313,,,,12.6,11.8,,2.3,14.1,24.7,2.4,3.2,5.6,0.195,,,
Rafael Araujo,BYU,2004,6,62,62,27.4,5.9,10.4,0.567,5.7,9.8,0.587,0.2,0.7,0.268,3.1,4.5,0.691,2.9,6.6,9.5,1.2,1.4,0.6,2.9,3.4,15.1,5.79,,0.601,0.575,0.063,0.43,,,,21.7,11,,1.8,19,29.6,6.1,4.6,10.6,0.251,,,
Andre Iguodala,Arizona,2004,7,62,34,25.4,3.3,7.8,0.424,2.8,5.9,0.473,0.5,1.9,0.274,2.5,3.3,0.738,2.2,4.4,6.6,3.4,1.5,0.5,2.1,2.2,9.6,7.79,,0.511,0.458,0.242,0.427,,,,13.7,21.1,,1.1,18.5,20.1,1.4,4,5.4,0.137,,,
Luke Jackson,Oregon,2004,8,126,102,29.1,5.1,11.1,0.461,3.7,7.7,0.488,1.4,3.4,0.402,4,4.7,0.849,1.7,4.2,5.9,3.4,1.3,0.3,2.3,1.8,15.6,6.96,,0.586,0.524,0.31,0.426,,,,12,21.1,,0.7,14.9,24.5,10.8,4.9,15.7,0.172,,,
Kris Humphries,Minnesota,2004,9,29,28,34.1,7.6,17.2,0.444,7,15.4,0.455,0.6,1.7,0.34,5.9,7.9,0.742,3.1,7,10.1,0.7,0.9,1.1,2.8,2.2,21.7,5.36,,0.518,0.461,0.1,0.46,,,,17.2,5.1,,2.4,11.9,34.6,1.8,1.7,3.5,0.14,,,
Kirk Snyder,Nevada,2004,10,84,74,30.8,5.7,13.3,0.426,4.4,9.3,0.477,1.3,4.1,0.31,4.1,6,0.677,2.3,4.1,6.4,2.7,0.9,0.8,3.1,2.4,16.7,3.25,,0.516,0.473,0.305,0.454,,,,8.9,12.2,,2.1,16.2,29.5,3.9,6,9.9,0.153,,,
Jameer Nelson,St. Joseph's,2004,11,125,125,34.5,5.6,12.4,0.454,3.8,7.4,0.514,1.8,5,0.365,3.7,4.7,0.786,1,3.6,4.6,5.7,2,0.1,3,2.2,16.8,4.12,,0.573,0.527,0.405,0.377,,,,,,,,17.2,,11.7,8.2,19.9,0.184,,,
Delonte West,St. Joseph's,2004,12,89,56,26.8,5.1,10.3,0.489,3.8,7,0.544,1.3,3.4,0.377,2.5,3,0.831,1,3.2,4.2,3,1.4,0.2,2,1.9,13.9,4,,0.59,0.551,0.326,0.29,,,,,,,,14.4,,7.8,5.1,12.9,0.216,,,
Tony Allen,Oklahoma State,2004,13,67,62,31.4,5.5,11.5,0.477,4.7,9.3,0.508,0.8,2.2,0.347,3.5,5.2,0.682,1.7,3.7,5.5,2.9,2,0.8,2.8,2.9,15.3,7.84,,0.547,0.51,0.195,0.449,,,,9.6,19,,1.7,16.8,26.1,4.6,6.3,10.8,0.206,,,
Kevin Martin,Western Carolina,2004,14,79,77,31.8,7.2,15.5,0.462,4.9,9.1,0.542,2.2,6.4,0.346,6.8,8,0.841,0.9,3.5,4.5,1.7,1.7,0.4,2.9,2.1,23.3,-3.74,,0.602,0.533,0.411,0.519,,,,7.9,10.2,,0.7,13.2,28.3,11.2,2.6,13.7,0.218,,,
Andrew Bogut,Utah,2005,1,68,68,32.7,6.6,10.9,0.603,6.4,10.4,0.616,0.2,0.5,0.361,3.2,4.7,0.674,3.5,7.6,11.1,2.3,0.7,1.6,2.7,2.3,16.6,4.53,,0.629,0.612,0.048,0.429,,,,24.2,18.2,,4.2,17,29.7,9.4,7.7,17.1,0.307,,,
Marvin Williams,UNC,2005,2,36,0,22.2,3.5,6.9,0.506,2.9,5.6,0.522,0.5,1.2,0.432,3.8,4.5,0.847,1.8,4.8,6.6,0.7,1.1,0.5,1.6,2.6,11.3,10.66,,0.627,0.545,0.178,0.66,,,,16,5.4,,1.4,14.7,21.1,2.6,2.1,4.8,0.239,,,
Deron Williams,Illinois,2005,3,101,98,31.7,4,9.4,0.422,2.3,5.1,0.464,1.6,4.3,0.374,1.5,2.1,0.685,0.4,2.9,3.3,5.9,1.1,0.2,2.4,2.2,11,7.44,,0.529,0.508,0.46,0.228,,,,6.3,33.5,,0.5,18.8,21,4.4,6.3,10.7,0.133,,,
Chris Paul,Wake Forest,2005,4,63,62,33.5,4.4,9.3,0.472,3,6.4,0.473,1.4,2.9,0.47,4.9,5.8,0.838,0.7,3.2,3.9,6.3,2.5,0.2,2.7,2.6,15,10.65,,0.622,0.545,0.311,0.62,,,,6.6,32.3,,0.4,18.3,20.6,6.3,3.1,9.4,0.178,,,
Raymond Felton,UNC,2005,5,101,100,33.9,4.1,9.7,0.423,2.4,5.1,0.467,1.7,4.6,0.375,2.6,3.5,0.731,0.7,3.4,4.1,6.9,1.9,0.3,3.6,2.3,12.5,11,,0.55,0.512,0.474,0.361,,,,6.7,35.1,,0.5,24,20.3,5.6,5.7,11.3,0.132,,,
Charlie Villanueva,UConn,2005,6,63,35,22.3,4.3,8.3,0.518,3.9,7.4,0.534,0.4,1,0.393,2.2,3.2,0.681,2.2,4.6,6.7,1,0.4,1.7,1.7,2.2,11.2,7.7,,0.568,0.541,0.116,0.389,,,,14,6.9,,4.9,14.9,22.4,3.5,4.8,8.4,0.238,,,
Channing Frye,Arizona,2005,7,133,119,27.7,5.3,9.5,0.562,5.3,9.3,0.568,0,0.2,0.261,2.8,3.7,0.759,2.8,4.6,7.3,1.3,0.6,1.9,1.4,2.8,13.5,9.02,,0.601,0.565,0.018,0.387,,,,14.4,9.7,,4.7,11.4,21.9,10.3,10.9,21.2,0.23,,,
Ike Diogu,Arizona State,2005,8,91,91,35.1,6.8,11.9,0.571,6.3,10.7,0.591,0.5,1.2,0.387,7.4,9.4,0.786,3.4,5.5,8.8,1.2,0.4,1.7,3.4,2.8,21.4,6.66,,0.655,0.59,0.098,0.791,,,,14.6,9.3,,3.9,17,27.6,15,5.5,20.5,0.257,,,
Sean May,UNC,2005,9,77,75,27.8,5.7,11.2,0.513,5.7,11.1,0.519,0,0.1,0,4.3,6,0.717,3.5,6.5,10,1.5,1.3,1.2,2.4,2.4,15.8,11,,0.562,0.513,0.013,0.532,,,,19.7,10.1,,2.9,14.6,26.7,5.2,7,12.2,0.229,,,
Rashad McCants,UNC,2005,10,98,90,29.2,6.3,12.9,0.486,4,7.4,0.538,2.3,5.4,0.415,2.8,3.8,0.721,1.5,2.6,4.1,2.1,1.5,0.6,2.2,2.4,17.6,11,,0.597,0.574,0.422,0.298,,,,7.6,14.3,,1.4,13.2,26.8,9.9,4.9,14.8,0.207,,,
Antoine Wright,Texas A&M,2005,11,87,83,32.1,5.4,13,0.412,3.3,7.5,0.439,2.1,5.5,0.376,2.6,4,0.648,1.4,4.2,5.6,2.1,1.1,0.6,2.3,2.6,15.4,5.15,,0.516,0.492,0.425,0.303,,,,7.8,16.4,,0.7,13.2,26,3.8,4.6,8.5,0.121,,,
Joey Graham,Oklahoma State,2005,12,128,109,26.1,4.7,8.8,0.527,4.1,7.4,0.557,0.6,1.5,0.378,3.1,3.9,0.809,1.6,3.6,5.2,1.6,0.8,0.3,2.2,2.9,13,1.32,,0.609,0.559,0.166,0.439,,,,12.8,13.5,,0.4,16.9,27.7,11,5.1,16.1,0.193,,,
Danny Granger,New Mexico,2005,13,95,82,28.4,5.6,11.2,0.496,4.7,9,0.529,0.8,2.2,0.366,4.7,6.3,0.753,2.5,5.7,8.2,1.6,1.6,1.9,2.3,3.2,16.7,1.8,,0.587,0.533,0.2,0.561,,,,17.7,17.6,,4.1,13.8,30.8,9.6,8.7,18.3,0.272,,,
Hakim Warrick,Syracuse,2005,14,135,119,31,5.7,10.6,0.536,5.6,10.3,0.544,0.1,0.3,0.25,3.9,5.9,0.659,2.9,4.7,7.6,1.5,1,0.9,2.3,2.4,15.4,7.34,,0.572,0.539,0.028,0.561,,,,12.8,10.4,,2,14.7,25.5,10.8,10,20.9,0.199,,,
Greg Oden,Ohio State,2007,1,32,31,28.9,5.9,9.6,0.616,5.9,9.6,0.616,0,0,0,3.8,6.1,0.628,3.5,6,9.6,0.7,0.6,3.3,2,2.7,15.7,9.03,,0.626,0.616,0,0.638,,,,,,,,13.8,,3.6,4.6,8.2,0.355,,,
Kevin Durant,Texas,2007,2,35,35,35.9,8.7,18.5,0.473,6.4,12.7,0.505,2.3,5.8,0.404,6,7.3,0.816,3,8.1,11.1,1.3,1.9,1.9,2.8,2,25.8,6.12,,0.587,0.536,0.314,0.396,,,,16.5,8.6,,3.5,11.4,33.2,4.7,4.1,8.8,0.28,,,
Al Horford,Florida,2007,3,109,100,25.7,3.9,6.6,0.586,3.9,6.6,0.589,0,0,0,2.5,4.1,0.619,2.3,5.6,7.9,1.7,0.9,1.7,1.6,2.5,10.3,6.65,,0.601,0.586,0.006,0.613,,,,17,11.6,,4.9,15.6,18.6,7,10,17.1,0.244,,,
Mike Conley,Ohio State,2007,4,39,39,31.6,4.1,7.9,0.518,3.6,6.2,0.579,0.5,1.8,0.304,2.6,3.7,0.694,0.7,2.7,3.4,6.1,2.2,0.3,2.2,1.5,11.3,9.03,,0.584,0.552,0.223,0.466,,,,,,,,18.6,,2.7,3.4,6.1,0.199,,,
Jeff Green,Georgetown,2007,5,102,102,33.2,4.8,9.7,0.488,3.9,7.3,0.531,0.9,2.4,0.359,2.7,3.9,0.7,2.1,4.4,6.5,3.1,0.9,1.2,2.5,2.5,13.1,7.65,,0.565,0.533,0.249,0.402,,,,12.7,20.8,,2.9,17.8,24.1,7.5,7.2,14.7,0.174,,,
Corey Brewer,Florida,2007,6,108,106,27.2,4,8.2,0.48,3,5.7,0.536,0.9,2.6,0.356,2.5,3.6,0.708,1.3,3,4.3,2.8,1.6,0.4,2.3,2.2,11.3,6.65,,0.571,0.535,0.312,0.431,,,,9.2,19.1,,1.1,19.1,21.6,6.4,6.6,13,0.177,,,
Brandan Wright,UNC,2007,7,37,37,27.4,6.2,9.5,0.646,6.2,9.5,0.646,0,0,0,2.4,4.2,0.567,2.1,4.1,6.2,1,1,1.8,1.6,1.5,14.7,9.3,,0.637,0.646,0,0.445,,,,,,,,12.1,,3.7,4,7.6,0.301,,,
Joakim Noah,Florida,2007,8,108,78,21.1,3.8,6.2,0.616,3.8,6.2,0.617,0,0,0.5,2.9,4.2,0.684,2,4.4,6.4,1.7,0.9,1.7,1.8,2,10.5,6.65,,0.642,0.617,0.003,0.679,,,,16.5,16,,6.4,18,24.2,8.7,9,17.7,0.31,,,
Spencer Hawes,Washington,2007,9,31,24,28.9,6.2,11.7,0.532,6.2,11.6,0.533,0,0.1,0.333,2.4,3.2,0.755,2,4.4,6.4,1.9,0.5,1.7,2.5,2.3,14.9,6.5,,0.563,0.533,0.008,0.27,,,,13.2,14,,4.3,16,25.8,2,2.4,4.4,0.198,,,
Acie Law,Texas A&M,2007,10,122,106,30.8,5,10.6,0.466,4,8,0.502,0.9,2.6,0.357,2.8,3.7,0.76,0.5,2.6,3.1,4.5,1.3,0,2.5,2.6,13.7,4.53,,0.551,0.51,0.246,0.35,,,,5.7,31.8,,0,16.5,25.3,7.9,5.7,13.6,0.145,,,
Thaddeus Young,Georgia Tech,2007,11,31,31,29.6,5.7,11.9,0.478,4.5,8.9,0.498,1.3,3,0.419,1.7,2.3,0.743,2.3,2.5,4.9,2,1.3,0.4,2.2,2,14.4,9.36,,0.552,0.531,0.251,0.189,,,,,,,,14.2,,1.8,1.5,3.3,0.145,,,
Julian Wright,Kansas,2007,12,71,52,24.1,4.4,8,0.555,4.4,7.7,0.565,0,0.2,0.188,1.5,2.5,0.591,2.1,4.2,6.3,2,1.2,1.3,2.2,2.1,10.4,7.23,,0.566,0.557,0.028,0.32,,,,14.5,15.9,,3.8,19.2,22.8,3.7,7.1,10.8,0.252,,,
Al Thornton,Florida State,2007,13,124,69,22,4.4,8.3,0.528,3.9,7.2,0.543,0.5,1.2,0.438,3,4.2,0.701,2.1,3.1,5.2,0.7,0.8,0.6,1.7,2.3,12.3,7.69,,0.593,0.559,0.139,0.505,,,,14.6,7.3,,2,14.4,28.3,8.9,4.6,13.6,0.199,,,
Rodney Stuckey,Eastern Washington,2007,14,59,59,33.1,8.1,17.1,0.472,6.4,11.9,0.54,1.7,5.2,0.317,6.5,8.1,0.806,1.1,3.6,4.7,4.8,2.3,0.3,3.5,2.4,24.4,-1.48,,0.581,0.52,0.306,0.474,,,,8.9,30.7,,0.6,14.2,36.3,7.2,1.1,8.3,0.17,,,
Derrick Rose,Memphis,2008,1,40,39,29.2,5.2,10.9,0.477,4.3,8.3,0.521,0.9,2.6,0.337,3.7,5.1,0.712,1.4,3.2,4.5,4.7,1.2,0.4,2.7,1.7,14.9,5.76,,0.56,0.517,0.239,0.47,,,,8.3,30.4,,0.9,16.7,26,2.8,3.8,6.6,0.226,,,
Michael Beasley,Kansas State,2008,2,33,33,31.5,9.3,17.5,0.532,8.2,14.6,0.562,1.1,2.9,0.379,6.5,8.5,0.774,4,8.4,12.4,1.2,1.3,1.6,2.9,2.6,26.2,7.79,,0.61,0.563,0.165,0.484,,,,21.3,9.3,,3.7,11.8,35,5.4,5.4,10.7,0.413,,,
O.J. Mayo,USC,2008,3,33,32,36.8,7.2,16.2,0.442,4.5,9.7,0.464,2.7,6.5,0.409,3.7,4.6,0.803,1.1,3.5,4.5,3.3,1.5,0.4,3.5,2.4,20.7,8.59,,0.562,0.524,0.401,0.284,,,,7.4,21.4,,0.7,16.1,31.8,3.4,1.8,5.2,0.172,,,
Russell Westbrook,UCLA,2008,4,75,35,21.9,3.1,6.6,0.464,2.6,5.3,0.491,0.5,1.3,0.354,1.7,2.4,0.685,0.9,1.5,2.4,2.5,1,0.1,1.6,1.7,8.3,8.77,,0.532,0.499,0.2,0.365,,,,7.1,24.4,,0.4,17.2,21.8,2.3,3.9,6.2,0.15,,,
Kevin Love,UCLA,2008,5,39,38,29.6,5.8,10.4,0.559,5.1,8.3,0.611,0.7,2.1,0.354,5.1,6.6,0.767,3.6,7,10.6,1.9,0.7,1.4,2,1.9,17.5,7.71,,0.644,0.595,0.202,0.635,,,,22.1,14.1,,3.6,12.9,27,5.6,5.7,11.3,0.391,,,
Eric Gordon,Indiana,2008,6,32,32,34.7,5.8,13.3,0.433,3.6,6.8,0.525,2.2,6.5,0.337,7.2,8.7,0.834,0.7,2.5,3.3,2.4,1.3,0.6,3.6,2.2,20.9,6.08,,0.601,0.515,0.489,0.652,,,,5.5,15.2,,1.3,17.1,30.8,4.2,1.8,6,0.217,,,
Joe Alexander,West Virginia,2008,7,82,70,25.3,4.5,10,0.447,3.9,7.9,0.488,0.6,2.1,0.295,2.5,3.3,0.765,1.5,3.3,4.8,2,0.6,1.2,1.8,2.2,12.1,7.04,,0.522,0.478,0.211,0.326,,,,11.4,16.5,,3.7,13.4,27.6,2.9,6.6,9.5,0.183,,,
D.J. Augustin,Texas,2008,8,73,73,36.5,5.4,12.2,0.443,3.8,8.2,0.463,1.6,4.1,0.402,4.4,5.5,0.808,0.6,2.3,2.9,6.2,1.4,0,3,1.9,16.9,7.35,,0.569,0.51,0.331,0.447,,,,4.2,34.3,,0.2,16.9,20.9,6.2,4.5,10.7,0.161,,,
Brook Lopez,Stanford,2008,9,53,43,28,6.1,12.7,0.48,6.1,12.3,0.491,0.1,0.4,0.143,3.7,4.9,0.764,2.3,4.8,7.1,1.1,0.5,1.9,2.1,2.6,16,8,,0.532,0.482,0.031,0.384,,,,14.6,9.7,,4.9,12.3,31.4,2.9,5,7.9,0.213,,,
Jerryd Bayless,Arizona,2008,10,30,30,35.7,5.8,12.6,0.458,3.8,7.8,0.489,2,4.8,0.407,6.2,7.4,0.839,0.4,2.3,2.7,4,1,0.1,3,2.2,19.7,10.22,,0.612,0.536,0.384,0.59,,,,4.9,25,,0.2,15.5,29.2,4,0.8,4.8,0.178,,,
Jason Thompson,Rider,2008,11,122,112,32.1,6.2,11.8,0.526,6,11,0.544,0.2,0.8,0.291,4,6,0.667,3,6.6,9.6,2,0.9,1.9,2.6,3,16.7,-3.38,,0.569,0.536,0.071,0.511,,,,16.7,14.3,,4,15.1,26.8,9.8,6.9,16.8,0.171,,,
Brandon Rush,Kansas,2008,12,109,101,31.3,4.9,10.9,0.449,3,6.6,0.458,1.9,4.3,0.435,1.8,2.5,0.733,1.5,4,5.5,2,0.7,0.8,2.1,1.5,13.6,7.56,,0.558,0.535,0.395,0.229,,,,9.8,11.3,,1.8,14.8,21.8,6.8,8.1,14.9,0.174,,,
Anthony Randolph,LSU,2008,13,31,31,32.8,5.9,12.7,0.464,5.8,12.1,0.483,0.1,0.6,0.105,3.7,5.4,0.693,2.8,5.7,8.5,1.2,1.1,2.3,3,2.7,15.6,5.66,,0.511,0.467,0.048,0.421,,,,14.2,8.5,,4.6,16.3,28,1.1,2.3,3.5,0.136,,,
Robin Lopez,Stanford,2008,14,67,61,24.3,3.5,6.9,0.511,3.5,6.9,0.511,0,0,0.5,1.9,3.1,0.612,2.6,3.1,5.6,0.8,0.3,2.3,1.6,2.5,9,8,,0.535,0.512,0.004,0.452,,,,13.3,6.6,,6.9,16.3,21.1,2.2,6,8.2,0.201,,,
Blake Griffin,Oklahoma,2009,1,68,63,30.9,7.1,11.5,0.618,7.1,11.4,0.622,0,0.1,0.3,4.5,7.7,0.589,3.6,8.3,11.8,2.1,1.1,1,2.8,2.5,18.8,7.37,,0.62,0.62,0.013,0.665,,,,21.8,16.4,,2.4,15.7,29.5,8.9,6.3,15.2,0.29,,,
Hasheem Thabeet,UConn,2009,2,100,99,29.3,3.6,5.9,0.611,3.6,5.9,0.611,0,0,0,3.1,5,0.625,3,5.4,8.5,0.4,0.4,4.2,1.8,2.6,10.3,7.14,,0.624,0.611,0,0.844,,,,17.9,2.9,,9.2,17.5,19,7.2,12.8,19.9,0.272,,,
James Harden,Arizona State,2009,3,69,68,35,6,11.9,0.506,4.6,8,0.57,1.5,3.9,0.376,5.4,7.2,0.755,1.3,4.1,5.4,3.7,1.9,0.4,3,2.5,19,7.05,,0.618,0.568,0.329,0.6,,,,10.3,27,,1,16.4,30.5,10,3.8,13.8,0.23,,,
Tyreke Evans,Memphis,2009,4,37,35,29,6.2,13.6,0.455,5.3,10.3,0.514,0.9,3.4,0.274,3.7,5.2,0.711,1.3,4.1,5.4,3.9,2.1,0.8,3.6,2.4,17.1,4.63,,0.529,0.489,0.246,0.384,,,,10.2,30,,2.2,18.2,33.1,2.4,4.8,7.2,0.268,,,
Jonny Flynn,Syracuse,2009,5,73,73,36.5,5.6,12.2,0.46,4.2,8.1,0.525,1.4,4.2,0.333,4,5.1,0.782,0.6,2.1,2.7,6,1.5,0.2,3.1,1.5,16.6,8.72,,0.567,0.516,0.34,0.416,,,,4.1,26.8,,0.3,17.3,21.5,5.9,2.7,8.6,0.129,,,
Stephen Curry,Davidson,2009,6,104,103,32.6,8.4,17.9,0.467,4.4,8.3,0.53,4,9.7,0.412,4.6,5.3,0.876,0.8,3.8,4.5,3.7,2.1,0.3,3,2.4,25.3,-1.31,,0.62,0.578,0.538,0.293,,,,6.9,40.2,,0.6,12.9,38.3,18,9.3,27.3,0.322,,,
Jordan Hill,Arizona,2009,7,97,79,27,5.1,8.8,0.578,5.1,8.8,0.578,0,0,0,2.3,3.6,0.636,2.8,5.1,7.9,0.8,0.5,1.4,2,2.7,12.5,9.93,,0.593,0.578,0,0.405,,,,18,7,,4,15.7,24.4,7.1,5,12.1,0.185,,,
DeMar DeRozan,USC,2009,8,35,35,33.4,5.5,10.5,0.523,5.3,9.5,0.562,0.2,1,0.167,2.7,4.2,0.646,2.4,3.3,5.7,1.5,0.9,0.4,2.1,2.1,13.9,9.15,,0.555,0.531,0.098,0.401,,,,,,,,14.3,,2.4,1.7,4.1,0.14,,,
Terrence Williams,Louisville,2009,9,140,127,32.2,4.1,10.3,0.4,2.7,6,0.457,1.4,4.4,0.32,1.5,2.6,0.589,1.5,5.5,6.9,3.9,1.5,0.6,2.4,1.9,11.2,7.65,,0.484,0.467,0.422,0.254,,,,11,21.4,,1.3,16.9,20.6,1.9,13.5,15.3,0.136,,,
Gerald Henderson,Duke,2009,10,103,79,25.3,4.4,9.7,0.458,3.8,7.6,0.493,0.7,2,0.329,2.7,3.9,0.706,1.2,3,4.2,1.8,1,0.7,1.9,1.7,12.3,9.61,,0.533,0.493,0.211,0.4,,,,9.5,14.5,,1.9,13.9,25.4,4.3,6.7,11.1,0.17,,,
Tyler Hansbrough,UNC,2009,11,142,141,30.9,6.6,12.3,0.536,6.5,12.1,0.541,0.1,0.3,0.316,6.9,8.7,0.791,3.4,5.2,8.6,1.1,1.3,0.5,2.1,2.5,20.2,8.39,,0.613,0.539,0.022,0.708,,,,15.1,6.2,,1,11.3,27.2,17.2,11.3,28.5,0.26,,,
Earl Clark,Louisville,2009,12,104,63,26.7,4,8.6,0.467,3.5,6.8,0.512,0.5,1.8,0.298,2,3.2,0.64,2.1,4.9,7,1.7,0.9,1.2,2.1,1.7,10.6,8.03,,0.524,0.498,0.21,0.366,,,,16.1,9.7,,4.3,17.5,22.7,3.6,9.8,13.4,0.193,,,
Austin Daye,Gonzaga,2009,13,67,34,22.5,4.1,8.6,0.477,3.2,6.4,0.495,0.9,2.2,0.422,2.5,3.1,0.79,0.9,4.9,5.8,1,0.7,1.9,1.9,2.6,11.6,2.85,,0.575,0.53,0.255,0.364,,,,14.6,9.1,,6.2,16,27.1,4.1,6.2,10.3,0.274,,,
James Johnson,Wake Forest,2009,14,61,59,29.9,5.8,11.2,0.515,4.9,8.4,0.587,0.8,2.8,0.296,2.5,3.6,0.693,2.8,5.5,8.3,1.6,1.4,1.4,2.5,3,14.8,8.09,,0.575,0.551,0.248,0.32,,,,15.2,9.2,,3.3,16.2,25.7,4.6,5.4,10,0.219,,,
John Wall,Kentucky,2010,1,37,37,34.8,5.5,11.8,0.461,4.5,8.8,0.509,1,3.1,0.325,4.7,6.3,0.754,0.8,3.5,4.3,6.5,1.8,0.5,4,1.9,16.6,6.82,,0.562,0.503,0.26,0.53,669,2.7,10.1,6.6,34.8,2.9,1.5,21.4,25.7,3.7,2.6,6.3,0.196,,,
Evan Turner,Ohio State,2010,2,101,94,32.8,5.3,10.6,0.502,4.8,9.1,0.525,0.5,1.5,0.362,3.8,5,0.758,1.5,5.3,6.8,4.1,1.6,0.7,3.5,2.7,15,7.86,,0.577,0.527,0.139,0.473,682,7.3,23.5,14.1,31.4,3,2.4,21.1,30.8,9.3,6.8,16.1,0.194,,,
Derrick Favors,Georgia Tech,2010,3,36,35,27.5,5,8.1,0.611,5,8.1,0.613,0,0,0,2.5,4,0.629,3,5.4,8.4,1,0.9,2.1,2.5,2.6,12.4,9.02,,0.621,0.611,0.003,0.488,420,12.6,19.9,16.5,7.9,1.8,7.9,20,21.8,2.3,2.5,4.8,0.195,,,
Wesley Johnson,Syracuse,2010,4,93,90,31.6,5,10.9,0.454,3.6,6.9,0.516,1.4,4,0.349,2.6,3.3,0.768,2.2,4.7,7,1.6,1.1,1.2,2.2,2.3,13.9,6.79,,0.555,0.518,0.367,0.306,538,7.6,18.3,11.6,11.9,2.7,4,14.7,24.3,5.9,6.3,12.3,0.167,,,
DeMarcus Cousins,Kentucky,2010,5,38,37,23.5,5.4,9.7,0.558,5.4,9.6,0.565,0,0.2,0.167,4.3,7.1,0.604,4.1,5.8,9.8,1,1,1.8,2.1,3.2,15.1,6.82,,0.579,0.56,0.016,0.726,555,19.8,24.8,22.5,9.2,2.4,7.5,13.6,30.5,3.8,2.7,6.5,0.29,,,
Ekpe Udoh,Baylor,2010,6,103,67,27.2,3.3,7,0.472,3.2,6.6,0.485,0.1,0.4,0.289,1.6,2.5,0.649,2.5,3.8,6.3,1.5,0.8,2.8,1.5,2.2,8.4,7.6,,0.511,0.481,0.062,0.357,542,12.9,17.7,13.4,10.9,1.4,9.2,15.1,18.3,3.7,7.1,10.8,0.154,,,
Greg Monroe,Georgetown,2010,7,65,65,32.6,5.3,9.8,0.543,5.2,9.3,0.558,0.1,0.5,0.273,3.7,5.5,0.677,2.1,6.1,8.2,3.2,1.5,1.5,2.9,2.5,14.5,9.26,,0.585,0.55,0.052,0.565,574,8.6,25.2,15.5,20.7,2.2,4.4,19,24.7,6,4.5,10.5,0.198,,,
Al-Farouq Aminu,Wake Forest,2010,8,62,60,30.1,5,10.6,0.476,4.6,8.9,0.522,0.4,1.7,0.238,3.9,5.7,0.687,3.3,6.1,9.4,1.4,1.2,1.3,2.9,2.8,14.4,8.1,,0.541,0.495,0.16,0.534,488,14.6,20.5,17.6,9.1,2.6,4.5,17.9,27.5,3.9,4.4,8.3,0.179,,,
Gordon Hayward,Butler,2010,9,69,69,33.1,4.3,9.2,0.47,2.6,4.6,0.569,1.7,4.6,0.369,4.1,4.9,0.824,1.7,5.7,7.4,1.8,1.3,0.9,2,2.1,14.4,3.57,,0.624,0.562,0.495,0.536,549,7.6,23.4,14.1,12.9,2,2.7,14.8,22.3,7.9,6.3,14.2,0.249,,,
Paul George,Fresno State,2010,10,63,63,33.9,5.1,11.4,0.447,3.1,6.5,0.485,1.9,4.9,0.396,3.4,4.2,0.803,1.9,4.8,6.7,2.4,2,0.9,2.7,2.8,15.5,1.13,,0.579,0.532,0.43,0.369,469,6.7,18.8,11.5,16.8,4,2.5,17.1,24.6,5.3,3,8.3,0.155,,,
Cole Aldrich,Kansas,2010,11,111,71,21,3.5,6.1,0.574,3.5,6.1,0.574,0,0,0,2.3,3.2,0.729,2.3,5.5,7.7,0.6,0.5,2.3,1.2,2.1,9.4,8.12,,0.612,0.574,0,0.515,400,13.6,25.4,20.5,6.5,1.6,9.9,13.6,21,7.4,9,16.5,0.282,,,
Xavier Henry,Kansas,2010,12,36,36,27.5,4.5,9.8,0.458,2.6,5.3,0.492,1.9,4.6,0.418,2.5,3.2,0.783,1.2,3.2,4.4,1.5,1.5,0.5,1.9,1.8,13.4,8.25,,0.591,0.555,0.466,0.325,430,5.2,11.5,8.6,9.8,3.1,1.8,14.4,23.4,2.8,2.1,4.9,0.197,,,
Ed Davis,UNC,2010,13,61,25,22.2,3.4,6.3,0.548,3.4,6.3,0.548,0,0,0,2.3,3.7,0.623,2.4,5.3,7.7,0.7,0.4,2.1,1.4,1.9,9.2,9.09,,0.572,0.548,0,0.595,282,10.8,24.2,17.9,5.7,0.9,7.8,14.9,19.2,2.6,4.6,7.2,0.212,,,
Patrick Patterson,Kentucky,2010,14,97,97,34,6.4,10.9,0.585,6.1,10.1,0.604,0.2,0.8,0.329,3.2,4.3,0.734,2.9,5.3,8.2,1.5,0.7,1.6,1.6,2.1,16.1,6.24,,0.625,0.597,0.069,0.396,498,10.6,13.4,13.8,10,1.2,3.9,11.3,21.3,12,5.7,17.7,0.215,,,
Kyrie Irving,Duke,2011,1,11,8,27.5,5,9.5,0.529,3.4,5.9,0.569,1.6,3.5,0.462,5.8,6.5,0.901,0.5,2.8,3.4,4.3,1.5,0.5,2.5,2.1,17.5,8.31,32.5,0.697,0.615,0.375,0.683,189,2.3,10.6,6.7,29.8,3,1.8,16.4,26.4,1.8,0.6,2.4,0.32,10.8,3.5,14.3
Derrick Williams,Arizona,2011,2,69,68,29.2,5.6,9.6,0.586,5,8.3,0.598,0.7,1.3,0.511,5.9,8.2,0.719,2.5,5.2,7.7,0.9,0.8,0.7,2.3,2.7,17.8,8.04,29.7,0.66,0.621,0.136,0.85,1121,10.9,21,16.1,7.7,1.6,2.3,14.7,27.9,9.2,3,12.2,0.242,9.2,2.6,11.8
Tristan Thompson,Texas,2011,3,36,34,30.7,4.8,8.8,0.546,4.8,8.8,0.546,0,0,0,3.5,7.3,0.487,3.8,4,7.8,1.3,0.9,2.4,1.8,2.8,13.1,7.96,24.2,0.536,0.546,0,0.829,475,14,13.7,13.8,8.1,1.8,7.2,12.7,22.4,2.8,2.7,5.5,0.2,3.9,7.2,11.1
Brandon Knight,Kentucky,2011,4,38,38,35.9,5.7,13.5,0.423,3.4,7.4,0.461,2.3,6.1,0.377,3.6,4.5,0.795,0.7,3.4,4,4.2,0.7,0.2,3.2,2.2,17.3,8.91,19.3,0.553,0.508,0.45,0.333,652,2.2,10.2,6.3,23.4,1.1,0.6,16.8,27,3.6,1.8,5.3,0.157,5.4,0.5,5.9
Kemba Walker,UConn,2011,5,111,77,32.9,5.2,12.2,0.428,4.1,8.7,0.469,1.1,3.5,0.326,4.5,5.8,0.783,1,3.4,4.4,4.1,1.7,0.3,2.3,1.5,16.1,9.39,25.7,0.539,0.475,0.287,0.474,1450,3.5,10.6,7.3,26.6,3.2,0.7,13.5,26.2,11.5,6.4,17.9,0.196,10.2,2.7,12.9
Jimmer Fredette,BYU,2011,6,139,102,29.6,6,13.3,0.455,3.9,7.8,0.497,2.1,5.4,0.394,4.5,5.1,0.882,0.5,2.1,2.6,3.7,1.2,0.1,2.5,1.2,18.7,3.56,30.7,0.596,0.535,0.408,0.386,1723,2.4,8.3,5,26.3,2.1,0.3,13.8,30.5,16.8,6.2,23,0.223,10.2,-0.7,9.5
Klay Thompson,Washington State,2011,7,98,96,34.4,6.1,14.4,0.424,3.6,8.1,0.45,2.5,6.3,0.39,3.2,3.9,0.827,0.9,3.9,4.8,2.6,1.3,0.8,2.9,2.5,17.9,6.32,23.6,0.55,0.509,0.438,0.27,1250,3.3,13.8,8.7,20.3,2.6,2.7,15.3,31.9,7.9,5.5,13.4,0.159,6.8,3.2,10.1
Alec Burks,Colorado,2011,8,68,67,30.9,6.2,12.6,0.495,5.5,10.4,0.533,0.7,2.2,0.313,5.9,7.3,0.804,2.2,3.6,5.8,2.4,1.1,0.4,2.3,2.4,19,6.65,27.8,0.592,0.522,0.175,0.579,1260,8.8,13.7,11.3,17,2.1,1.2,12.6,30,9.2,1.6,10.8,0.206,7.3,-0.1,7.2
Markieff Morris,Kansas,2011,9,109,43,19.3,3.1,5.7,0.553,2.8,4.8,0.579,0.3,0.9,0.404,1.9,2.9,0.653,2,4.1,6.1,1.2,0.6,0.9,1.6,2.7,8.5,7.92,25.7,0.603,0.583,0.152,0.504,733,13,22.9,17.7,10.9,1.7,4.8,18.4,21.8,5.5,5.5,10.9,0.208,6.7,5.6,12.3
Marcus Morris,Kansas,2011,10,109,90,24,4.7,8.4,0.555,4.3,7.3,0.585,0.4,1.1,0.358,2.9,4.3,0.66,2.4,3.8,6.2,1.3,0.9,0.4,1.6,2.6,12.6,7.92,27.5,0.601,0.579,0.134,0.514,1029,12.1,16.7,14.6,10.2,1.9,1.8,13.1,24.5,9.4,5.8,15.2,0.232,7.8,3.4,11.2
Kawhi Leonard,San Diego State,2011,11,70,69,31.9,5.4,12,0.449,4.8,9.7,0.497,0.6,2.3,0.25,2.8,3.7,0.744,3.3,6.9,10.2,2.2,1.4,0.6,2.2,2.5,14.1,5.29,25,0.513,0.473,0.195,0.312,1014,12.6,25,19,14.4,2.7,2.2,13.7,26,6.1,5.7,11.8,0.211,3.9,5.2,9.1
Nikola Vucevic,USC,2011,12,87,67,27.7,4.2,8.3,0.509,3.8,6.9,0.551,0.4,1.4,0.303,2.2,2.9,0.746,2.4,5.5,8,1.1,0.5,1.1,1.5,2.4,11.1,7.86,24.2,0.571,0.535,0.169,0.355,884,10.8,24.5,17.7,10.1,1,4.4,13.3,22.7,6.5,5.5,12,0.199,5.1,4.4,9.5
Iman Shumpert,Georgia Tech,2011,13,92,91,31.3,4.2,10.6,0.396,3,6.7,0.45,1.2,4,0.305,3.1,4.1,0.738,1.1,3.4,4.5,4.2,2.3,0.2,3,2.7,12.7,7.34,19.9,0.503,0.453,0.373,0.39,854,4.6,12.9,7.9,26.5,4.3,0.6,19.5,23.9,4.1,5.5,9.7,0.135,6.3,3.4,9.8
Chris Singleton,Florida State,2011,14,95,91,29.1,3.5,8.4,0.419,2.4,5.1,0.476,1.1,3.3,0.33,2.1,3.5,0.592,2,4.2,6.2,1.5,1.9,1.4,2.4,3.1,10.3,7.05,18.8,0.507,0.484,0.393,0.419,677,8,16.9,11.9,10.6,4.1,5.1,19.1,21.4,2.5,7.5,10,0.145,2.6,6.9,9.5
Anthony Davis,Kentucky,2012,1,40,40,32,5.3,8.4,0.623,5.2,7.9,0.653,0.1,0.5,0.15,3.6,5.1,0.709,3,7.4,10.4,1.3,1.4,4.7,1,2,14.2,7.93,35.1,0.654,0.628,0.059,0.602,550,11.6,25.6,19,7.5,2.5,13.7,8.6,18.8,5.9,4.1,9.9,0.31,7.8,10.8,18.7
Michael Kidd-Gilchrist,Kentucky,2012,2,40,39,31.1,4,8.2,0.491,3.7,6.9,0.535,0.3,1.3,0.255,3.6,4.8,0.745,2.6,4.9,7.4,1.9,1,0.9,2.2,2.4,11.9,7.93,21.2,0.57,0.511,0.156,0.589,497,10.3,17.3,14,10.8,1.9,2.8,17.3,20.6,3.4,2.6,6,0.192,5,4.1,9.1
Bradley Beal,Florida,2012,3,37,37,34.2,4.7,10.6,0.445,3,5.6,0.541,1.7,5,0.339,3.6,4.7,0.769,1.4,5.4,6.7,2.2,1.4,0.8,2.1,2.1,14.8,7.33,22,0.575,0.525,0.473,0.44,522,4.8,20.3,12.3,12.7,2.5,2.6,14.3,23,3.6,2.1,5.7,0.18,5.3,3.3,8.6
Dion Waiters,Syracuse,2012,4,71,0,20.4,3.5,7.7,0.453,2.5,4.9,0.513,1,2.8,0.348,1.8,2.3,0.753,0.4,1.5,1.9,2,1.5,0.2,1.1,1.6,9.7,8.4,23.3,0.551,0.516,0.362,0.303,642,2.5,8.5,5.5,19.7,4.4,1.3,11.1,25,4.4,2.7,7.1,0.198,6,2.2,8.2
Thomas Robinson,Kansas,2012,5,105,42,18.7,3.8,7.2,0.525,3.7,7,0.525,0.1,0.1,0.5,2.2,3.6,0.606,2.1,5.2,7.3,1,0.6,0.7,1.6,2.1,9.8,8.6,26.1,0.55,0.529,0.019,0.502,995,13.8,31.2,22.8,11,1.9,3.9,15.6,28.3,5.1,5.5,10.6,0.217,3,4.7,7.6
Damian Lillard,Weber State,2012,6,104,98,32.3,5.6,12.6,0.446,3.3,6.5,0.497,2.4,6.1,0.39,5,5.8,0.867,0.4,3.9,4.3,3.5,1.2,0.2,2.4,2.1,18.6,-2.21,29.3,0.606,0.54,0.481,0.458,1498,1.7,14.2,8.1,24.3,2.3,0.6,13.4,28.6,14.2,3.4,17.6,0.209,9.5,-1.4,8.1
Harrison Barnes,UNC,2012,7,75,73,29.3,5.8,13.6,0.43,4.3,9.1,0.469,1.5,4.4,0.349,3.1,4.3,0.734,2,3.5,5.5,1.3,0.9,0.4,1.9,1.9,16.3,8.61,20.3,0.524,0.487,0.326,0.313,1095,7.1,12.3,9.7,8.4,1.7,1.3,11.1,27.3,5.6,3.8,9.3,0.17,4.7,2.1,6.8
Terrence Ross,Washington,2012,8,69,39,24.4,4.6,10.1,0.453,2.9,5.5,0.528,1.7,4.6,0.364,1.4,1.8,0.764,1.1,3.5,4.7,1.2,0.9,0.7,1.4,2.4,12.3,6.51,21.1,0.557,0.536,0.456,0.181,748,4.9,16.8,10.6,9.4,2.1,2.6,11,23.8,4.7,2.7,7.4,0.176,4.8,2,6.8
Andre Drummond,UConn,2012,9,34,30,28.4,4.6,8.6,0.538,4.6,8.5,0.541,0,0.1,0,0.8,2.6,0.295,3.4,4.2,7.6,0.4,0.8,2.7,1.5,2.2,10,8.07,21.9,0.509,0.538,0.007,0.301,328,14.2,17,15.6,3.4,1.8,9.9,13.5,20.9,1.4,1.5,2.9,0.121,0.7,5.3,6
Austin Rivers,Duke,2012,10,34,33,33.2,5.1,11.8,0.433,3.4,7.1,0.477,1.7,4.7,0.365,3.6,5.4,0.658,0.6,2.8,3.4,2.1,1,0,2.3,2.2,15.5,8.4,16.9,0.538,0.505,0.396,0.458,488,2.2,10,6,13,1.7,0.1,13.9,25.2,2.4,1,3.5,0.124,3.7,0,3.7
Meyers Leonard,Illinois,2012,11,65,30,19.8,3,5.4,0.567,3,5.2,0.585,0,0.2,0.083,1.6,2.2,0.729,1.3,3.4,4.7,0.7,0.3,1.1,1.4,2.2,7.7,9.55,20.3,0.601,0.569,0.034,0.413,471,8.1,23.1,15.4,8.5,1,6.5,18.4,21.1,2.7,2.2,4.8,0.149,1.2,5.1,6.3
Jeremy Lamb,UConn,2012,12,75,74,32.1,5.3,11,0.482,3.8,6.6,0.573,1.6,4.5,0.348,1.9,2.4,0.806,1.1,3.6,4.7,1.7,1,0.6,1.6,1.6,14.1,9.25,21.3,0.58,0.553,0.406,0.217,940,4,12.2,8.2,11.2,2,1.9,11.6,22.2,6.9,2.9,9.9,0.164,5.9,1.9,7.8
Kendall Marshall,UNC,2012,13,73,55,28.8,2.5,5.6,0.446,1.8,3.8,0.484,0.7,1.8,0.366,1.5,2.2,0.693,0.2,2.2,2.3,8,1.1,0.1,2.6,1.5,7.2,8.61,16.1,0.541,0.505,0.323,0.401,732,0.6,7.8,4.2,43.2,2.2,0.4,28.5,14.7,3.7,3.3,6.9,0.132,2.9,0.9,3.9
John Henson,UNC,2012,14,109,82,23.8,4.4,8.8,0.497,4.3,8.5,0.505,0,0.2,0.208,1.6,3.2,0.484,2.5,5.7,8.1,1,0.6,2.5,1.5,1.5,10.3,9.01,23.3,0.501,0.5,0.025,0.365,1067,10.8,24.4,17.6,7.8,1.5,10.3,12.9,22.7,4.1,6.7,10.7,0.166,0.9,8.6,9.5
Anthony Bennett,UNLV,2013,1,35,31,27.1,5.8,10.8,0.533,4.7,8.1,0.587,1,2.7,0.375,3.5,5.1,0.701,2.5,5.7,8.1,1,0.7,1.2,1.9,2.3,16.1,5.71,28.3,0.609,0.58,0.253,0.467,488,10.3,24,17.1,8.8,1.5,4.6,12.3,27.5,3.5,2.2,5.7,0.238,5.3,3.2,8.5
Victor Oladipo,Indiana,2013,2,104,75,24.6,3.9,7.3,0.538,3.4,5.9,0.585,0.5,1.4,0.338,2.5,3.5,0.716,2,3.2,5.2,1.7,1.5,0.5,2,2.4,10.7,7.94,24.1,0.604,0.57,0.188,0.476,1118,10.4,15.7,13.1,13.9,3.8,2.3,18,22.7,7.8,4.9,12.7,0.198,6.3,5,11.2
Otto Porter,Georgetown,2013,3,64,38,32.5,4.6,9.2,0.498,3.7,6.8,0.55,0.9,2.4,0.355,2.8,3.8,0.751,1.9,5.3,7.1,2.1,1.5,0.9,1.3,2,12.8,7.64,24.4,0.585,0.545,0.264,0.41,795,7.7,20.3,14.2,14.9,2.9,3.1,10.8,20.9,6.8,5.3,12,0.231,5.8,5.6,11.4
Cody Zeller,Indiana,2013,4,72,72,29,5.5,9.4,0.592,5.5,9.3,0.594,0,0,0,5,6.6,0.756,2.6,4.7,7.3,1.3,1.2,1.2,2,2.5,16.1,8.09,30.6,0.643,0.592,0.003,0.705,1097,11.8,19.4,15.7,9.5,2.5,4.4,13.5,25.4,9.9,4.2,14.1,0.271,7.2,4.7,11.9
Alex Len,Maryland,2013,5,60,48,24.5,3.8,7,0.538,3.7,6.8,0.548,0,0.2,0.111,2.2,3.3,0.663,2.4,4.5,7,0.8,0.2,2.1,1.6,2.6,9.7,5.32,22.1,0.569,0.539,0.022,0.476,565,11.8,21.2,16.5,7.2,0.5,8.6,15.4,20.7,3.5,2.6,6.1,0.165,1.5,5.2,6.6
Nerlens Noel,Kentucky,2013,6,24,24,31.9,4.1,6.9,0.59,4.1,6.9,0.59,0,0,0,2.3,4.3,0.529,2.7,6.8,9.5,1.6,2.1,4.4,1.9,2.6,10.5,5.78,27.3,0.583,0.59,0,0.627,257,10.4,23.9,17.4,9.5,3.9,13.2,17.3,17.4,1.6,2.3,3.9,0.206,2.9,11.7,14.6
Ben McLemore,Kansas,2013,7,37,36,32.2,5.4,10.8,0.495,3.4,6.1,0.553,2,4.7,0.42,3.2,3.7,0.87,1.3,3.9,5.2,2,1,0.7,2.1,1.9,15.9,7.54,23.2,0.633,0.586,0.435,0.345,530,5,13.2,9.4,12.6,1.8,2.2,14.2,23.2,4.2,2.3,6.5,0.217,7.3,2.9,10.2
Kentavious Caldwell-Pope,Georgia,2013,8,64,60,33,5.3,12.7,0.415,3,5.9,0.504,2.3,6.9,0.339,2.9,3.9,0.752,1.3,4.8,6.1,1.5,1.9,0.4,1.6,2.2,15.8,7.02,24,0.543,0.507,0.539,0.307,902,4.6,18.8,11.5,13.3,3.8,1.6,9.7,27,5.8,3.8,9.6,0.182,6.9,2.4,9.3
Trey Burke,Michigan,2013,9,73,71,35.7,6,13.3,0.45,4.2,8.3,0.499,1.8,5,0.367,3.1,4,0.777,0.6,2.7,3.3,5.7,1.3,0.5,2.5,1.7,16.9,9.51,24.3,0.556,0.519,0.374,0.3,1307,2.1,10.1,6.1,33.2,2.3,1.4,14,27.4,9.7,3.2,12.9,0.197,7.3,1.8,9.1
C.J. McCollum,Lehigh,2013,10,111,108,32.9,6.9,15.7,0.439,5,10.5,0.47,2,5.2,0.377,5.5,6.7,0.825,1.5,4.8,6.3,2.7,2.1,0.5,2.4,1.8,21.3,-5.41,29.1,0.563,0.501,0.33,0.423,2202,5.2,17,11,20.1,3.6,1.5,11.3,32.4,13.9,6.6,20.5,0.224,5.6,1.7,7.3
Michael Carter-Williams,Syracuse,2013,11,66,40,25.4,2.7,6.8,0.398,2.1,4.8,0.438,0.6,2.1,0.307,2.2,3.2,0.679,0.9,2.7,3.6,5.2,2,0.4,2.3,1.8,8.2,8.29,20.9,0.493,0.445,0.303,0.462,672,4,12.7,8.2,39.1,4.7,2,21.8,21.3,3.3,4,7.4,0.176,4.6,5.1,9.7
Steven Adams,Pitt,2013,12,32,32,23.4,3.1,5.5,0.571,3.1,5.5,0.571,0,0,0,1,2.2,0.443,2.8,3.5,6.3,0.6,0.7,2,1.1,1.6,7.2,5.63,23.2,0.555,0.571,0,0.4,228,15.3,21,18,5.4,1.9,11.2,14.4,17.7,1.6,1.9,3.5,0.185,3,8.8,11.9
Kelly Olynyk,Gonzaga,2013,13,101,31,17.2,3.3,5.6,0.594,3.1,4.9,0.634,0.2,0.7,0.333,2,2.8,0.709,1.5,3.1,4.6,1.1,0.5,0.5,1.4,2,8.9,4,27,0.641,0.616,0.132,0.501,851,11.1,20.4,16,13.1,1.8,3.1,16.6,24.9,6.7,3.6,10.3,0.237,6.6,3.7,10.4
Shabazz Muhammad,UCLA,2013,14,32,30,30.8,6.3,14.3,0.443,5.1,10.9,0.463,1.3,3.3,0.377,4,5.6,0.711,2.7,2.5,5.2,0.8,0.7,0.1,1.6,1.7,17.9,7.82,21.9,0.528,0.487,0.232,0.395,520,9.9,9.3,9.6,5.8,1.3,0.4,8.6,29.8,2.9,0.8,3.7,0.149,4.6,-1.9,2.7
Andrew Wiggins,Kansas,2014,1,35,35,32.8,5.4,12.1,0.448,4.2,8.5,0.493,1.2,3.6,0.341,5,6.5,0.775,2.2,3.7,5.9,1.5,1.2,1,2.3,2.7,17.1,11.4,21.4,0.563,0.499,0.299,0.538,564,8.4,12.3,10.4,9.2,2.1,3.1,13.1,26.3,3.2,1.7,4.9,0.17,5.4,3,8.5
Jabari Parker,Duke,2014,2,35,35,30.7,6.7,14.3,0.473,5.7,11.2,0.504,1.1,3,0.358,4.6,6.1,0.748,3,5.7,8.7,1.2,1.1,1.2,2.3,2.4,19.1,8.48,28.4,0.558,0.511,0.212,0.429,623,11.4,23.1,17.1,8.6,2.1,4,11.9,32.7,3.6,1.9,5.5,0.205,4.3,2.3,6.6
Joel Embiid,Kansas,2014,3,28,20,23.1,3.8,6.1,0.626,3.8,5.9,0.639,0,0.2,0.2,3.5,5.1,0.685,2.3,5.8,8.1,1.4,0.9,2.6,2.4,3.4,11.2,11.4,28.2,0.655,0.629,0.029,0.836,307,12.7,27.3,20.5,11.5,2.3,11.7,21.6,23.4,1.8,1.7,3.4,0.213,4.7,10.2,14.9
Aaron Gordon,Arizona,2014,4,38,38,31.2,5,10.1,0.495,4.6,8.9,0.513,0.4,1.2,0.356,2,4.7,0.422,2.7,5.3,8,2,0.9,1,1.4,2.4,12.4,9.04,20.4,0.503,0.516,0.118,0.471,469,10.4,19.3,14.9,13,1.8,3.4,10.5,23.2,2.1,3.3,5.4,0.183,2.8,6.7,9.6
Marcus Smart,Oklahoma State,2014,5,64,63,33.1,4.9,11.9,0.413,3.5,7.3,0.488,1.4,4.6,0.295,5.5,7.3,0.751,1.5,4.4,5.9,4.5,2.9,0.6,3,2.9,16.6,7.53,25.4,0.542,0.47,0.388,0.612,1126,5.2,15.1,10.3,28.4,5.2,2.1,16.4,28.2,5.6,5.4,11,0.207,6.6,6.1,12.7
Julius Randle,Kentucky,2014,6,40,40,30.8,4.9,9.8,0.501,4.8,9.3,0.517,0.1,0.5,0.167,5.1,7.2,0.706,3.5,6.9,10.4,1.4,0.5,0.8,2.5,2.3,15,9.89,24.5,0.567,0.505,0.046,0.739,599,13.3,24.7,19.2,10,1,2.6,16.1,25.4,3.5,2.4,5.9,0.191,4.2,3,7.1
Nik Stauskas,Michigan,2014,7,75,69,32.9,4.3,9.2,0.467,2,4,0.5,2.3,5.2,0.441,3.2,3.9,0.832,0.5,2.5,2.9,2.3,0.6,0.3,1.5,1,14.1,9.85,20.3,0.638,0.591,0.564,0.421,974,1.8,9.5,5.7,13.4,1.1,0.9,11.8,21,8.5,2.3,10.7,0.174,7.9,0.8,8.7
Noah Vonleh,Indiana,2014,8,30,29,26.5,3.8,7.2,0.523,3.2,6.1,0.53,0.5,1.1,0.485,3.2,4.5,0.716,2.4,6.6,9,0.6,0.9,1.4,2.1,2.7,11.3,6.64,22.2,0.604,0.56,0.153,0.62,321,10.8,27.3,19.4,4.9,1.9,5.4,18.6,21.4,1.6,2,3.6,0.182,1.2,4.9,6.1
Elfrid Payton,Louisiana,2014,9,100,78,31.6,5,10.3,0.485,4.7,9.2,0.512,0.3,1.1,0.268,3.9,6.5,0.611,1.5,3.6,5.1,4.9,2,0.5,3.4,2.3,14.3,-1.6,21.3,0.533,0.5,0.109,0.625,1566,5.2,13.5,9.2,32,3.5,1.6,20.1,25.6,6.1,4.9,10.9,0.139,2.1,1.9,4
Doug McDermott,Creighton,2014,10,145,145,31.5,7.9,14.3,0.55,6,10.2,0.587,1.9,4.1,0.458,4.1,4.9,0.831,1.9,5.6,7.5,1.3,0.2,0.1,2.2,1.8,21.7,4.29,30.2,0.652,0.616,0.288,0.345,2684,8.2,20.6,14.8,10.4,0.5,0.3,11.7,32.3,21.6,5.2,26.8,0.235,8,-1.5,6.5
Zach LaVine,UCLA,2014,11,37,1,24.4,3.4,7.8,0.441,2.1,4.3,0.494,1.3,3.5,0.375,1.3,1.8,0.691,0.5,2.1,2.5,1.8,0.9,0.2,1.1,2,9.4,7.62,14.6,0.545,0.524,0.444,0.236,324,2.4,9.5,6.1,12.6,2.1,0.8,11.6,20.1,1.4,1.2,2.5,0.111,2.8,0.7,3.5
T.J. Warren,NC State,2014,12,70,49,31.2,7.5,13.6,0.555,6.9,11.5,0.598,0.6,2,0.315,2.8,4.3,0.654,2.7,3,5.7,1,1.5,0.5,1.7,2.5,18.5,7.31,28,0.593,0.579,0.15,0.313,1155,10.3,11,10.7,7.4,2.9,1.7,9.7,28.6,8.1,2.5,10.6,0.194,7.7,0.7,8.4
Adreian Payne,Michigan State,2014,13,138,94,20,3.2,6.2,0.526,2.8,5.1,0.551,0.4,1.1,0.409,2,2.7,0.755,1.5,3.8,5.3,0.6,0.6,1,1.4,2.2,8.9,10.35,22.9,0.601,0.562,0.175,0.432,1118,9.5,22.4,16.1,6.6,1.7,5.8,15.4,22.9,7,6.2,13.2,0.192,2.9,4.5,7.4
James Young,Kentucky,2014,14,40,39,32.4,4.6,11.3,0.407,2.5,5.4,0.47,2.1,5.9,0.349,3.1,4.4,0.706,1,3.3,4.3,1.7,0.8,0.2,1.9,2.1,14.3,9.89,16.6,0.536,0.498,0.522,0.393,527,3.7,11,7.5,10.8,1.4,0.6,12.3,23.4,3,1.7,4.7,0.145,5.2,0.8,6
Karl-Anthony Towns,Kentucky,2015,1,39,39,21.1,3.7,6.6,0.566,3.7,6.4,0.577,0.1,0.2,0.25,2.8,3.4,0.813,2.4,4.3,6.7,1.1,0.5,2.3,1.4,2.9,10.3,8.67,31.4,0.627,0.57,0.031,0.523,391,14.2,22.3,18.5,11.6,1.4,11.5,14.2,23.7,3.5,2.9,6.4,0.311,6.5,10.8,17.3
D'Angelo Russell,Ohio State,2015,2,35,34,33.9,6.6,14.7,0.449,3.9,8.1,0.479,2.7,6.6,0.411,3.4,4.5,0.756,1,4.7,5.7,5,1.6,0.3,2.9,2.1,19.3,7.37,26.6,0.573,0.541,0.449,0.303,671,3.6,15.4,9.8,30.1,2.8,1.1,14.8,30.2,4.4,2.4,6.8,0.229,8.7,3,11.7
Jahlil Okafor,Duke,2015,3,38,38,30.1,7.3,11.1,0.664,7.3,11.1,0.664,0,0,0,2.6,5.1,0.51,3.5,4.9,8.5,1.3,0.8,1.4,2.5,2.1,17.3,9.87,30.7,0.641,0.664,0,0.462,609,14.8,18.2,16.6,9.4,1.5,4.5,15.6,27.6,4.5,2.2,6.7,0.235,6.8,4.1,10.9
Willie Cauley-Stein,Kentucky,2015,4,105,70,24.5,3.3,5.6,0.593,3.3,5.6,0.593,0,0,0,1.4,2.8,0.508,2.4,3.9,6.2,0.9,1.1,2.2,1.2,2.3,8,8.12,23.3,0.582,0.593,0,0.509,842,11.9,17.3,14.7,7,2.7,9.2,14.9,16.9,5.7,7.1,12.8,0.198,3.8,9.2,13
Stanley Johnson,Arizona,2015,5,38,37,28.4,4.6,10.3,0.446,3.4,7.2,0.478,1.1,3.1,0.371,3.5,4.7,0.742,2,4.5,6.5,1.7,1.5,0.4,2.2,2.6,13.8,7.41,22.5,0.551,0.501,0.297,0.456,509,8.9,19.1,14.1,11.6,3.2,1.6,14.7,26.6,2.8,2.9,5.7,0.212,4.8,5.4,10.2
Frank Kaminsky,Wisconsin,2015,6,144,79,20.4,3.7,7,0.522,3,5.1,0.58,0.7,1.9,0.369,2.1,2.7,0.763,1.3,3.4,4.6,1.3,0.5,1.1,0.8,1.6,10.1,9.61,29.6,0.609,0.573,0.275,0.384,1398,7.9,20.7,14.4,14.9,1.7,5.2,9.2,25.5,12.8,6.3,19.1,0.259,7.8,5.4,13.2
Justise Winslow,Duke,2015,7,39,39,29.1,4.4,9.1,0.486,3.3,6.3,0.516,1.2,2.8,0.418,2.6,4,0.641,1.3,5.2,6.5,2.1,1.3,0.9,1.8,2.8,12.6,9.87,22.3,0.572,0.551,0.309,0.438,473,5.4,19.8,13.1,13.2,2.8,2.9,14.2,22.9,3.1,2.5,5.5,0.196,5.1,5.3,10.4
Myles Turner,Texas,2015,8,34,7,22.2,3.4,7.6,0.455,2.9,5.7,0.513,0.5,1.8,0.274,2.8,3.3,0.839,1.3,5.2,6.5,0.6,0.3,2.6,1.4,2.4,10.1,9.07,25.5,0.556,0.488,0.241,0.436,310,7.2,24.9,16.7,6.2,0.8,12.3,13.2,25.1,1.9,2.1,4,0.213,1.5,7.3,8.7
Trey Lyles,Kentucky,2015,9,36,21,23,3.3,6.7,0.488,3.1,5.9,0.536,0.1,0.8,0.138,2.1,2.8,0.735,1.8,3.4,5.2,1.1,0.5,0.4,1.1,1.6,8.7,8.67,19.8,0.543,0.496,0.121,0.425,308,9.9,16.1,13.3,9.2,1.4,2.1,12.4,20.8,2.1,2.3,4.4,0.213,3.9,5.1,8.9
Devin Booker,Kentucky,2015,10,38,0,21.5,3.6,7.6,0.47,2,3.8,0.527,1.5,3.7,0.411,1.4,1.7,0.828,0.4,1.6,2,1.1,0.4,0.1,1,1.5,10,8.67,19.4,0.6,0.571,0.491,0.223,324,2.6,7.8,5.4,10.9,1.3,0.3,10.4,22.8,2.7,1.8,4.5,0.219,6.9,2,8.9
Cameron Payne,Murray State,2015,11,69,69,32.4,6.3,14.6,0.432,4,8.3,0.487,2.3,6.3,0.359,3.7,4.7,0.781,0.4,3.2,3.7,5.7,1.8,0.5,2.9,2.4,18.5,-3.19,25.3,0.551,0.509,0.431,0.322,1315,1.7,10.9,6.5,37.1,3.3,1.7,14.5,30.5,8,3.3,11.3,0.202,5.4,0.1,5.5
Kelly Oubre,Kansas,2015,12,36,27,21,3.1,6.9,0.444,2.1,4.3,0.497,0.9,2.6,0.358,2.2,3.1,0.718,1.1,3.8,5,0.8,1.1,0.4,1.2,2,9.3,12.13,21.1,0.555,0.512,0.383,0.444,303,6.4,19.2,13.2,8.1,3.3,1.8,12.5,23.1,1.7,1.7,3.4,0.18,4.8,3.7,8.6
Terry Rozier,Louisville,2015,13,73,45,26.8,4.2,10.3,0.408,3.1,6.8,0.447,1.2,3.5,0.331,2.4,3.1,0.772,1,3.3,4.3,2.4,1.5,0.1,1.4,1.6,12,6.89,20.6,0.507,0.463,0.337,0.303,853,4,13.9,8.9,18.6,3.4,0.4,10.5,24.7,4.5,4.9,9.5,0.193,4.3,3.7,8
Rashad Vaughn,UNLV,2015,14,23,23,32.3,6.3,14.3,0.439,3.9,8.1,0.481,2.3,6.1,0.383,3,4.3,0.694,0.6,4.2,4.8,1.6,0.8,0.3,2.2,2.3,17.8,3.38,20.2,0.547,0.521,0.43,0.299,352,2.3,13.7,8.4,11.8,1.5,1.1,11.8,30.8,1.4,1.1,2.5,0.132,3,-1.8,1.3
Ben Simmons,LSU,2016,1,33,32,34.9,6.5,11.7,0.56,6.5,11.6,0.561,0,0.1,0.333,6,9,0.67,3.1,8.6,11.8,4.8,2,0.8,3.4,2.8,19.2,7,29,0.6,0.561,0.008,0.769,674,9.6,26.8,18.2,27.4,3.1,2.5,17.4,26.4,3.9,2.1,6,0.207,6.3,5.3,11.6
Brandon Ingram,Duke,2016,2,36,34,34.6,5.9,13.4,0.442,3.7,8,0.464,2.2,5.4,0.41,3.2,4.7,0.682,1.9,4.9,6.8,2,1.1,1.4,2,2.1,17.3,10.59,22.5,0.552,0.525,0.403,0.351,591,6,15.5,10.8,11.4,1.9,3.6,11.3,25.6,3.4,1.5,4.9,0.157,4.6,2.9,7.5
Jaylen Brown,California,2016,3,34,34,27.6,4.8,11.1,0.431,3.9,8.1,0.482,0.9,3,0.294,4.2,6.4,0.654,1.1,4.3,5.4,2,0.8,0.6,3.1,3.2,14.6,7.87,17.6,0.518,0.471,0.27,0.574,477,4.5,16.5,10.8,15.3,1.7,2.2,17.9,31.4,1,1.8,2.7,0.117,0.3,3.3,3.6
Kris Dunn,Providence,2016,4,95,83,31.5,4.5,9.9,0.45,3.7,7.8,0.476,0.8,2.2,0.354,3.1,4.5,0.693,1.1,4,5.1,5.8,2.2,0.4,3.3,2.9,12.8,8.09,20.7,0.531,0.488,0.218,0.449,1348,3.9,15.1,9.3,40.3,4.1,1.4,21.6,24.6,5,5.8,10.8,0.144,4.4,4.9,9.4
Buddy Hield,Oklahoma,2016,5,132,118,31.7,5.9,13.2,0.448,3.3,6.5,0.508,2.6,6.8,0.39,2.8,3.4,0.836,1.6,3.4,5,1.9,1.3,0.3,2.2,2,17.4,9.28,22.4,0.584,0.548,0.511,0.257,2092,5.6,11.6,8.7,12.9,2.3,0.9,12.7,26.6,12.2,6.2,18.4,0.176,7.2,1.7,8.9
Jamal Murray,Kentucky,2016,6,36,36,35.2,6.8,14.9,0.454,3.6,7.3,0.502,3.1,7.7,0.408,3.3,4.2,0.783,1.5,3.7,5.2,2.2,1,0.3,2.3,2.1,20,8.84,22.7,0.59,0.559,0.515,0.283,649,4.9,11.2,8.2,12.1,1.6,0.9,12.1,27.1,4.4,1.8,6.1,0.194,8.1,1.1,9.1
Marquese Chriss,Washington,2016,7,34,34,24.9,5.3,9.9,0.53,4.6,8.2,0.568,0.6,1.8,0.35,2.6,3.8,0.682,2.5,2.9,5.4,0.8,0.9,1.6,2,4.1,13.7,8.12,21.7,0.585,0.561,0.178,0.382,428,9.8,11.6,10.7,6.3,1.9,5.8,14.7,24.1,1.9,1.2,3.1,0.148,2.8,3.1,5.9
Jakob Poeltl,Utah,2016,8,70,70,26.9,5.1,7.7,0.658,5.1,7.7,0.659,0,0,0,3.1,5.2,0.605,2.8,5.2,8,1.3,0.5,1.7,1.8,2.4,13.3,8.1,28.4,0.653,0.658,0.002,0.669,902,13.6,21.2,17.7,10.8,1.1,6.5,15.3,23.8,7,4,11,0.233,5.4,5.6,11
Domantas Sabonis,Gonzaga,2016,9,74,32,26.6,5.2,8.2,0.632,5.1,8,0.638,0.1,0.2,0.357,3.1,4.2,0.729,2.6,6.8,9.4,1.3,0.5,0.6,2,3,13.5,4.67,27.4,0.662,0.636,0.023,0.516,972,12.4,26.4,20.1,9.7,1.2,2.2,16.6,23.9,7.5,4.8,12.3,0.249,4.7,3.5,8.2
Taurean Waller-Prince,Baylor,2016,10,129,42,20.2,3.6,7.9,0.46,2.6,5.2,0.504,1,2.7,0.376,2,2.8,0.718,1.6,2.7,4.2,1.1,0.9,0.5,1.7,2.1,10.2,9.08,21.8,0.557,0.524,0.34,0.349,1200,9.1,15.5,12.3,12.1,2.9,2.7,15.7,27.3,6.2,4.5,10.7,0.165,4.9,2.9,7.8
Denzel Valentine,Michigan State,2016,11,144,116,29,4,9.1,0.442,2.2,4.6,0.476,1.8,4.5,0.408,1.5,2,0.779,1.1,4.8,5.9,4.4,0.9,0.3,2.2,2.1,11.4,9.21,20.4,0.569,0.544,0.497,0.218,1755,4.6,18.7,12,29.5,1.9,1.1,18,22,10.9,7.9,18.8,0.18,6.4,3.9,10.3
Wade Baldwin,Vanderbilt,2016,12,68,54,29.6,3.4,8,0.431,2.2,5.1,0.436,1.2,2.9,0.422,3.5,4.4,0.8,0.4,3.6,4.1,4.8,1.3,0.2,2.3,2.5,11.6,7.45,19.9,0.578,0.508,0.366,0.552,874,1.9,13,7.9,32.4,2.7,0.7,18.7,22,5.3,3.5,8.9,0.176,5.3,2.5,7.9
Henry Ellenson,Marquette,2016,13,33,33,33.5,5.9,13.2,0.446,5,10,0.495,0.9,3.2,0.288,4.3,5.8,0.749,2.2,7.6,9.7,1.8,0.8,1.5,2.4,2.5,17,5.57,20.9,0.534,0.48,0.239,0.439,536,7.8,24.2,16.5,11,1.4,4.4,12.9,26.7,2,2,4,0.143,0.9,2.7,3.6
Malik Beasley,Florida State,2016,14,34,33,29.8,5.4,11.6,0.471,3.8,7.4,0.518,1.6,4.2,0.387,3.1,3.8,0.813,1.3,4,5.3,1.5,0.9,0.2,1.7,2.2,15.6,8.16,20.8,0.583,0.541,0.361,0.326,483,5,15.1,10.1,9.8,1.8,0.6,11.5,24.3,2.9,1.1,4,0.158,5,0.7,5.7
Markelle Fultz,Washington,2017,1,25,25,35.7,8.4,17.6,0.476,6.3,12.5,0.502,2.1,5,0.413,4.4,6.7,0.649,1.3,4.4,5.7,5.9,1.6,1.2,3.2,2.5,23.2,6.82,28,0.558,0.535,0.287,0.383,582,4,13.9,8.9,35.5,2.5,3.1,13.4,31.4,3.3,0.6,3.9,0.173,7.7,1.4,9.1
Lonzo Ball,UCLA,2017,2,36,36,35.1,5.3,9.5,0.551,3,4.1,0.732,2.2,5.4,0.412,1.8,2.7,0.673,0.9,5.1,6,7.6,1.8,0.8,2.5,1.8,14.6,6.39,24.7,0.673,0.668,0.566,0.286,608,3.2,14.3,9.3,31.4,2.8,2.1,18.6,18.1,4.8,2,6.8,0.214,8.7,3.5,12.2
Jayson Tatum,Duke,2017,3,29,27,33.3,5.7,12.6,0.452,4.3,8.6,0.504,1.4,4,0.342,4.1,4.8,0.849,1.3,6,7.3,2.1,1.3,1.1,2.6,3,16.8,10.91,22,0.566,0.507,0.321,0.381,467,4.8,19.7,12.6,12.4,2.3,3.2,15,26.2,2.3,1.8,4.1,0.169,3.5,4.1,7.5
Josh Jackson,Kansas,2017,4,35,35,30.8,6.3,12.3,0.513,5.3,9.7,0.549,1,2.6,0.378,2.8,4.9,0.566,2.3,5.1,7.4,3,1.7,1.1,2.8,3,16.3,12.23,24.2,0.559,0.552,0.21,0.403,571,8.7,17.5,13.3,18.2,3.1,3.5,15.9,27.2,2.7,2.2,4.9,0.18,5.1,5.7,10.7
De'Aaron Fox,Kentucky,2017,5,36,34,29.6,5.9,12.4,0.479,5.5,10.5,0.521,0.5,1.9,0.246,4.3,5.9,0.736,0.6,3.4,4,4.6,1.5,0.2,2.4,2.5,16.7,10.49,22.7,0.549,0.498,0.154,0.474,608,2.1,12.2,7.2,28.6,2.7,0.7,13.7,27.5,3.1,2.1,5.1,0.192,5.1,3.7,8.7
Jonathan Isaac,Florida State,2017,6,32,32,26.2,4.1,8,0.508,3.1,5.2,0.593,1,2.8,0.348,2.9,3.7,0.78,1.8,6.1,7.8,1.2,1.2,1.5,1.5,2.2,12,8.87,24.6,0.614,0.568,0.348,0.461,364,7.7,25.1,16.7,7.5,2.4,6.2,13.3,20.3,2.4,1.9,4.3,0.205,4.7,6.2,10.9
Lauri Markkanen,Arizona,2017,7,37,37,30.8,5,10.2,0.492,3.1,5.8,0.545,1.9,4.4,0.423,3.7,4.4,0.835,2.4,4.8,7.2,0.9,0.4,0.5,1.1,2,15.6,7.63,25,0.635,0.584,0.434,0.436,534,10,17.5,14,5.6,0.8,1.8,8.1,22.5,4.8,1.8,6.7,0.235,7.8,1.5,9.3
Dennis Smith,NC State,2017,8,32,32,34.8,6,13.1,0.455,4.3,8.3,0.509,1.7,4.8,0.359,4.5,6.3,0.715,0.8,3.8,4.6,6.2,1.9,0.4,3.4,2.1,18.1,8.09,23.1,0.563,0.52,0.364,0.476,621,2.7,11.5,7.3,34.2,3.1,1.2,17.3,27.2,3.1,0.9,4,0.142,6.3,1,7.3
Zach Collins,Gonzaga,2017,9,39,0,17.3,3.5,5.3,0.652,3.2,4.8,0.672,0.3,0.5,0.476,2.8,3.8,0.743,1.7,4.2,5.9,0.4,0.5,1.8,1.5,2.7,10,4.13,31,0.703,0.676,0.101,0.715,359,12.1,23.3,18.4,4.4,1.5,9.8,17.8,24.8,2.6,2.4,5,0.299,4,7.5,11.5
Malik Monk,Kentucky,2017,10,38,37,32.1,6.6,14.7,0.45,3.9,7.8,0.497,2.7,6.9,0.397,3.9,4.7,0.822,0.3,2.2,2.5,2.3,0.9,0.5,2,1.9,19.8,10.49,21.5,0.586,0.543,0.47,0.323,660,1.1,7.3,4.2,13.3,1.6,1.5,10.4,27.2,3.9,1.9,5.8,0.189,6.7,1.3,8
Luke Kennard,Duke,2017,11,73,47,31.2,5.2,11.2,0.461,3.2,6.1,0.526,2,5.1,0.383,3.4,3.9,0.867,1.1,3.3,4.3,2,0.9,0.3,1.2,2.1,15.7,10.75,22.3,0.6,0.548,0.455,0.349,1073,4,11.5,7.9,12.4,1.7,0.8,8.3,22.9,8.4,2.5,10.9,0.192,7.2,1,8.2
Donovan Mitchell,Louisville,2017,12,65,38,26,4.1,9.8,0.418,2.6,5.2,0.497,1.5,4.6,0.329,2,2.5,0.788,1.1,3,4.1,2.2,1.5,0.3,1.3,2.6,11.7,9.44,20.5,0.532,0.495,0.47,0.26,736,4.7,13.2,8.9,15.9,3.3,1.3,10.8,23.3,4.4,3.7,8.2,0.194,6,4.4,10.3
Bam Adebayo,Kentucky,2017,13,38,38,30.1,4.5,7.5,0.599,4.5,7.5,0.599,0,0,0,4.1,6.2,0.653,3.1,4.9,8,0.8,0.7,1.5,1.7,2.6,13,10.49,22,0.624,0.599,0,0.831,488,11.1,17.3,14.2,4.7,1.2,4.9,13.9,18.5,3.3,2.3,5.6,0.196,4.2,5.3,9.5
Justin Jackson,UNC,2017,14,118,114,29.1,5.3,11.5,0.46,3.8,7.2,0.531,1.4,4.2,0.34,2,2.8,0.712,1.5,2.5,4.1,2.6,0.6,0.4,1.4,1.5,14,11.4,19.4,0.546,0.523,0.37,0.241,1537,5.9,9.3,7.6,15.8,1.3,1.4,9.8,22.5,10,4.1,14.1,0.164,6.3,2.2,8.5
DeAndre Ayton,Arizona,2018,1,35,35,33.5,7.9,12.9,0.612,7.5,11.9,0.635,0.3,1,0.343,4,5.5,0.733,3.4,8.2,11.6,1.6,0.6,1.9,2,2.3,20.1,6.84,32.6,0.65,0.625,0.078,0.424,666,13.5,28.2,21.4,10.2,1,6.1,11.3,26.6,5.5,2.1,7.6,0.259,6.8,4,10.9
Marvin Bagley,Duke,2018,2,33,32,33.9,8.2,13.3,0.614,7.5,11.6,0.647,0.7,1.8,0.397,4,6.3,0.627,4,7.1,11.1,1.5,0.8,0.9,2.3,1.8,21,9.71,30.6,0.643,0.64,0.132,0.475,630,13.8,21.5,17.9,8.8,1.4,2.6,12.2,26.3,4.8,2.1,6.9,0.248,7.7,3,10.7
Jaren Jackson,Michigan State,2018,3,35,34,21.8,3.4,6.6,0.513,2.3,3.9,0.596,1.1,2.7,0.396,3,3.8,0.797,1.5,4.3,5.8,1.1,0.6,3,1.8,3.2,10.9,7.1,26.9,0.647,0.595,0.414,0.573,347,8.8,19.7,15,9.3,1.6,14.3,17.4,23.5,2.3,2.2,4.6,0.239,5.1,10.3,15.4
Trae Young,Oklahoma,2018,4,32,32,35.4,8.2,19.3,0.422,4.5,9.1,0.493,3.7,10.3,0.36,7.4,8.6,0.861,0.4,3.5,3.9,8.7,1.7,0.3,5.2,1.8,27.4,10.56,28.3,0.585,0.518,0.531,0.443,935,1.3,10,5.8,48.6,2.5,0.7,18.2,37.1,4.6,1.1,5.7,0.201,11.2,0.5,11.7
Mohamed Bamba,Texas,2018,5,30,29,30.2,4.9,9,0.541,4.4,7.3,0.603,0.5,1.7,0.275,2.7,4,0.681,3.2,7.3,10.5,0.5,0.8,3.7,1.5,2.5,12.9,10.67,28.3,0.593,0.567,0.189,0.441,377,12.2,28.2,20.2,3.6,1.5,13.1,12.3,21.3,2.4,2.4,4.8,0.212,2.4,8.9,11.2
Wendell Carter,Duke,2018,6,37,37,26.9,4.8,8.6,0.561,4.3,7.4,0.586,0.5,1.2,0.413,3.4,4.5,0.738,2.9,6.1,9.1,2,0.8,2.1,2,2.8,13.5,9.71,28.2,0.628,0.591,0.144,0.527,501,12.8,23.2,18.4,13,1.7,7.6,15.8,22.8,3.6,2.3,5.9,0.239,6,7.5,13.5
Collin Sexton,Alabama,2018,7,33,32,29.9,5.9,13.3,0.447,4.6,9.3,0.495,1.3,4,0.336,5.9,7.6,0.778,1,2.7,3.8,3.6,0.8,0.1,2.8,2.5,19.2,10.64,23.5,0.567,0.498,0.299,0.575,622,4.1,9.8,7,27.8,1.6,0.3,14.2,32.9,3.2,1.2,4.4,0.177,6.5,0,6.5
Kevin Knox,Kentucky,2018,8,37,37,32.4,5.3,11.9,0.445,3.8,7.4,0.509,1.5,4.5,0.341,3.4,4.4,0.774,0.9,4.5,5.4,1.4,0.8,0.3,2.3,2.2,15.6,10.73,17,0.556,0.51,0.38,0.373,518,3.3,14.5,9.3,8.7,1.5,1,14.1,24.6,2.3,1.7,4,0.133,3.4,1.4,4.8
Mikal Bridges,Villanova,2018,9,116,73,27.3,3.9,7.5,0.525,2.5,3.8,0.645,1.5,3.7,0.4,1.9,2.3,0.845,1.1,3.2,4.3,1.6,1.4,0.9,1.1,2.2,11.3,9.74,22.7,0.656,0.623,0.49,0.304,1240,5.3,13.4,9.6,10.3,3,3.6,11,18.3,10.5,6.7,17.2,0.216,7.1,5.7,12.8
Shai Gilgeous-Alexander,Kentucky,2018,10,37,24,33.7,4.9,10.2,0.485,4.3,8.6,0.5,0.6,1.5,0.404,3.9,4.7,0.817,0.9,3.2,4.1,5.1,1.6,0.5,2.7,1.7,14.4,10.73,21.2,0.578,0.516,0.151,0.464,571,3.2,10,6.8,28.8,2.8,1.7,17.9,21.9,3.3,1.9,5.2,0.167,5.5,3.6,9.1
Miles Bridges,Michigan State,2018,11,62,60,31.6,6.2,13.2,0.47,4.2,7.8,0.537,2,5.5,0.375,2.5,3.2,0.776,1.4,6.2,7.6,2.4,0.6,1.1,2.1,1.7,17,8.8,22.8,0.576,0.548,0.413,0.245,948,5.4,20.4,13.6,15.8,1.2,3.6,12.7,27.2,5.2,4,9.1,0.186,5.3,4.1,9.5
Jerome Robinson,Boston College,2018,12,90,90,34.6,6.2,13.9,0.45,4.5,9.2,0.488,1.8,4.7,0.376,3.4,4.5,0.755,0.5,3.3,3.8,3.3,1.3,0.3,2.9,2.5,17.7,7.65,17.9,0.551,0.514,0.339,0.327,1504,1.7,11.1,6.3,20.6,2.1,0.8,15.2,27.4,5.1,2.9,8,0.103,2.5,0.2,2.7
Troy Brown,Oregon,2018,14,35,35,31.2,4.1,9.2,0.444,3.2,6.1,0.524,0.9,3.1,0.291,2.2,3,0.743,1.5,4.7,6.2,3.2,1.6,0.2,2.5,2.2,11.3,4.84,16.6,0.532,0.494,0.342,0.326,424,5.9,18,12,18.7,2.9,0.8,18.8,21,1.5,1.6,3.1,0.114,1.3,2.9,4.3
